set	dimension	category	n
47_above_threshold	manual_decision	DERIVED_VARIANT	47
47_above_threshold	meaning_relation	SAME_PROPOSITION	40
47_above_threshold	meaning_relation	SEMANTIC_VARIANT	7
47_above_threshold	confidence	HIGH	37
47_above_threshold	confidence	MEDIUM	10
63_below_threshold	manual_decision	DERIVED_VARIANT	44
63_below_threshold	manual_decision	INDEPENDENT_ORIGIN	15
63_below_threshold	manual_decision	POSSIBLY_RELATED	4
63_below_threshold	meaning_relation	SAME_PROPOSITION	26
63_below_threshold	meaning_relation	SEMANTIC_VARIANT	22
63_below_threshold	confidence	HIGH	44
63_below_threshold	confidence	MEDIUM	15
63_below_threshold	confidence	LOW	4
110_all_nonstrict	manual_decision	DERIVED_VARIANT	91
110_all_nonstrict	manual_decision	INDEPENDENT_ORIGIN	15
110_all_nonstrict	manual_decision	POSSIBLY_RELATED	4
110_all_nonstrict	meaning_relation	SAME_PROPOSITION	66
110_all_nonstrict	meaning_relation	SEMANTIC_VARIANT	29
110_all_nonstrict	confidence	HIGH	81
110_all_nonstrict	confidence	MEDIUM	25
110_all_nonstrict	confidence	LOW	4
