normalized_portuguese	grammyep_sent_ids	surface_forms
a delea língua do seu irmão é bonita	27,97	a delea língua do seu irmão é bonita
a delea palavra do seu irmão é bonita	27,97	a delea palavra do seu irmão é bonita
a minha casa não é no rio	116,122	a minha casa não é no rio
a minha casa não é perto do rio	115,121	a minha casa não é perto do rio
ela está feliz	54,136	ela está feliz
ela é feliz	6,39,53,134	ela é feliz
ela é pesada	3,55	ela é pesada
ele está feliz	54,136	ele está feliz
ele é feliz	6,39,53,134	ele é feliz
ele é pesado	3,55	ele é pesado
eles são felizes	51,52	eles são felizes
estas pedras estão pesadas	82,84,90,92	estas pedras estão pesadas
estas pedras são pesadas	81,83,89,91	estas pedras são pesadas
estes vermelhos peixes estão baratos	21,24	estes vermelhos peixes estão baratos
eu estou aqui	2,13,49	eu estou aqui
eu estou feliz	16,36,71,130	eu estou feliz
eu estou perto dela	14,50,64	eu estou perto dela
eu estou perto dele	14,50,64	eu estou perto dele
eu não estou feliz	67,74	eu não estou feliz
eu não estou perto dela	72,137	eu não estou perto dela
eu não estou perto dele	72,137	eu não estou perto dele
eu não sou feliz	66,73,103,138	eu não sou feliz
eu sou feliz	70,129	eu sou feliz
eu sou pesado	15,34	eu sou pesado
nós não estamos na comunidade	9,40	nós não estamos na comunidade
os beijus estão quentes	25,96	os beijus estão quentes
tu estás feliz	63,100	tu estás feliz
tu não estás feliz	12,41	tu não estás feliz
tu és feliz	62,99	tu és feliz
