source	source_index	uid	status	kadiweu	portuguese	match_type	has_slash	has_parenthetical	diagnostic_best_strategy	diagnostic_best_form	diagnostic_best_sent_id	diagnostic_best_portuguese	diagnostic_best_combined_score	diagnostic_best_char_score	diagnostic_best_token_jaccard	grammyep_sent_ids
van	15	4c41fdf6-0c48-4eb6-91f7-121c21f3e2a7	REVIEW	Nigaanigawaanigi idei madi niwatece ane adi nomiigo	O menino está na canoa que (tem) o anzol	NO_MATCH	no	yes	PARENTHETICAL_STRIPPED	o menino está na canoa que o anzol	31	aquele menino é na canoa do anzol	0.659701	0.746269	0.400000	
van	23	05676093-36c9-4e30-959a-e850447f32a5	DONE	ajo iwaGadi	ela está pesada / é pesada	EDITORIAL_NORMALIZED_EXACT	yes	no	SLASH_ALTERNATIVE	ela está pesada	56	ela está pesada	1.000000	1.000000	1.000000	56
van	26	0575dd46-865a-4ba4-bd49-ed6db054eeb4	DONE	ajo lapicaGa	ela é / está quente	NO_MATCH	yes	no	SLASH_ALTERNATIVE	está quente	95	o beiju está quente	0.675000	0.733333	0.500000	
van	27	3aba0004-0ce2-4392-a334-ef814428ec0d	DONE	ijo libinienigi	ele está / é bonito	NO_MATCH	yes	no	SLASH_ALTERNATIVE	é bonito	4	ele é bonito	0.766667	0.800000	0.666667	
van	28	d369088d-7d87-44b9-a956-2d5bd5f955e1	DONE	ijo lapicaGigi	ele é / está quente	NO_MATCH	yes	no	SLASH_ALTERNATIVE	está quente	95	o beiju está quente	0.675000	0.733333	0.500000	
van	45	5739aca1-95fc-4584-9550-d7bd73c3c361	REVIEW	okokodi ligetedi midi niwigo libinienaGa .	Os ovos da fotografia são bonitos. (Os ovos de galinha que estão na fotografia são bonitos.)	NO_MATCH	no	yes	PARENTHETICAL_STRIPPED	os ovos da fotografia são bonitos	44	os filhos da Maria são bonitos	0.696429	0.761905	0.500000	
van	46	83a62eb4-5a9e-43b0-b6b4-bded8dbd8ffe	REVIEW	liwigo okokodi ligetedi libinienigi .	A fotografia dos ovos (da galinha) é bonita.	NO_MATCH	no	yes	PARENTHETICAL_STRIPPED	a fotografia dos ovos é bonita	85	este retrato dos ovos é bonito	0.583333	0.666667	0.333333	
van	61	42df6a83-6ae1-49b2-bd99-fbed7e2a083b	DONE	aGeewi mica iniKGigi	não sou muito feliz (não é verdade que eu sou feliz)	EDITORIAL_NORMALIZED_SIMILAR	no	yes	PARENTHETICAL_STRIPPED	não sou muito feliz	68	eu não sou muito feliz	0.895122	0.926829	0.800000	68
hil	33	3a27c7c6-ecd6-45c0-a71e-b4aa2a242a3d	DONE	NiGida lodajo lodawa aidei dineigi	Esta faca da esposa dele (do marido dela) não está na casa .	EDITORIAL_NORMALIZED_SIMILAR	no	yes	PARENTHETICAL_STRIPPED	esta faca da esposa dele não está na casa	23	aquela faca da esposa dele não está na casa	0.896429	0.928571	0.800000	23
ped	1	ed98d4d1-638c-4377-8c6d-5511855636d1	DONE	ajo liwatece ja iwaGadi	A canoa dele/a é pesada	EDITORIAL_NORMALIZED_SIMILAR	yes	no	SLASH_ALTERNATIVE	a é pesada	3	ela é pesada	0.806818	0.909091	0.500000	3
ped	2	ccb5ea37-b3ba-47a9-8d71-224f599ea7be	DONE	ajo liwatece etadi weiigi	A canoa dele/a está no rio	NO_MATCH	yes	no	SLASH_ALTERNATIVE	a canoa dele	8	a canoa dele é no rio	0.670455	0.727273	0.500000	
ped	10	2fff1f23-4e6f-401c-8b74-6a17ff6a391a	DONE	ica liGeladi ipegitegi	a casa dela/dele fica perto dele 	NO_MATCH	yes	no	SLASH_ALTERNATIVE	dele fica perto dele	131	a casa dele é perto dele	0.628788	0.727273	0.333333	
ped	11	fef391af-9e63-419f-8f81-057459193f49	DONE	ica Maria looligi alidi	a comida da Maria não está deliciosa (a não gostosura da comida da Maria)	EDITORIAL_NORMALIZED_EXACT	no	yes	PARENTHETICAL_STRIPPED	a comida da maria não está deliciosa	47	a comida da Maria não está deliciosa	1.000000	1.000000	1.000000	47
ped	12	070d221f-f72d-4055-9c82-ddc383743e6a	DONE	ica looligi lidi	A comida está/é deliciosa (A gostosura da comida da Maria)	EDITORIAL_NORMALIZED_SIMILAR	yes	yes	PARENTHETICAL_STRIPPED	a comida está/é deliciosa	139	a comida é deliciosa	0.866667	0.888889	0.800000	139
ped	15	c5bd2cb2-e53b-40e4-9159-6dacde49c1b6	DONE	ica looligi lideGegi	A comida é deliciosa (a gostosura da comida dela)	EDITORIAL_NORMALIZED_EXACT	no	yes	PARENTHETICAL_STRIPPED	a comida é deliciosa	139	a comida é deliciosa	1.000000	1.000000	1.000000	139
ped	16	19cc39ce-fe03-4551-8097-9d163a38a3c0	DONE	loigipodi libinienigipi	A comunidade dele/dela é bonita	EDITORIAL_NORMALIZED_SIMILAR	yes	no	SLASH_ALTERNATIVE	dela é bonita	4	ela é bonita	0.845000	0.960000	0.500000	4
ped	18	582429f2-67d5-4077-b209-6deb7b5df54f	DONE	ica lideGegi loligi idei liGeladi	a deliciosa comida está na casa dela/dele	EDITORIAL_NORMALIZED_EXACT	yes	no	SLASH_ALTERNATIVE	a deliciosa comida está na casa dela	140	a deliciosa comida está na casa dela	1.000000	1.000000	1.000000	140
ped	19	0f478381-6858-463d-94cc-903e9dc879f9	DONE	ica liwigo libinienigi	a fotografia dela/dele é/está bonita	NO_MATCH	yes	no	SLASH_ALTERNATIVE	está bonita	17	a mulher está bonita	0.657258	0.709677	0.500000	
ped	20	55551636-8ed3-4545-8510-d8dbfd817a1a	DONE	ica niwigo libinienigi	a fotografia é/está bonita	NO_MATCH	yes	no	SLASH_ALTERNATIVE	está bonita	17	a mulher está bonita	0.657258	0.709677	0.500000	
ped	22	881131dd-3f70-411a-ac7e-85557139d1e3	DONE	ica nioladi nioxoa libinienigi	A língua do irmão dele/dela é bonita	EDITORIAL_NORMALIZED_SIMILAR	yes	no	SLASH_ALTERNATIVE	dela é bonita	4	ela é bonita	0.845000	0.960000	0.500000	4
ped	23	95a7d135-4be0-463d-b443-76cc5828fc89	DONE	ica nioladi lodawa libinienigi	A língua do marido/esposa dele/dela é bonita	EDITORIAL_NORMALIZED_SIMILAR	yes	no	SLASH_ALTERNATIVE	dela é bonita	4	ela é bonita	0.845000	0.960000	0.500000	4
ped	24	2f47b402-9fe7-4714-96e3-c6cbdf405472	DONE	iGeladi idei naigi anenapioi	a minha casa está naquela suja rua (=minha casa fica no caminho que é sujo)	EDITORIAL_NORMALIZED_EXACT	no	yes	PARENTHETICAL_STRIPPED	a minha casa está naquela suja rua	126	a minha casa está naquela suja rua	1.000000	1.000000	1.000000	126
ped	25	a4d33655-fe74-4df2-8d5e-b3c88fba5fd1	DONE	iGeladi idei naigi me napioi	Minha casa fica na rua suja (na rua que é suja).	NO_MATCH	no	yes	PARENTHETICAL_STRIPPED	minha casa fica na rua suja	113	a minha casa é naquela suja rua	0.654215	0.724138	0.444444	
ped	30	7b806584-75e5-4017-b9e2-ba97458903bd	DONE	Eyodi ane niganaGacanajo	Meu pai que era cantor (explicativa)	NO_MATCH	no	yes	PARENTHETICAL_STRIPPED	meu pai que era cantor	102	aquela minha canoa está no rio	0.375000	0.500000	0.000000	
ped	35	014fefb1-d5e3-48c8-9ac3-9e713a41407f	DONE	iGeladi ipegitegi naigi ane napioi	Minha casa está perto desta rua suja (que está suja)	EDITORIAL_NORMALIZED_SIMILAR	no	yes	PARENTHETICAL_STRIPPED	minha casa está perto desta rua suja	124	a minha casa está perto desta suja rua	0.867399	0.864865	0.875000	124
ped	39	4ffc2f68-0474-488f-a94e-4065f952482a	DONE	ijotawece etidi akiidi .	Eles (todos) estão (deitados) no rio.	NO_MATCH	no	yes	PARENTHETICAL_STRIPPED	eles estão no rio	8	a canoa dele é no rio	0.496711	0.578947	0.250000	
ped	43	19401990-aa1d-4cf5-bea1-122254c6b77a	DONE	lotaGa GanaginaGa libinienaGa .	A palavra de seu (teu) irmão é bonita.	EDITORIAL_NORMALIZED_SIMILAR	no	yes	PARENTHETICAL_STRIPPED	a palavra de seu irmão é bonita	98	a palavra do seu irmão é bonita	0.913306	0.967742	0.750000	98
ped	47	ef4d298a-643b-4c08-9bdd-f7c6b63ac9ec	DONE	liGeladi ipegitege niweiigi nigotaGa .	A casa dele/dela é perto da cidade da lagoa.	NO_MATCH	yes	no	SLASH_ALTERNATIVE	a casa dele	131	a casa dele é perto dele	0.621429	0.628571	0.600000	
ped	48	8b1a9983-4dfd-49e8-9285-92c56c84b652	DONE	liGeladi ipegitegi niweiigi nigotaGa .	A casa dele/dela é perto da lagoa da cidade.	NO_MATCH	yes	no	SLASH_ALTERNATIVE	dela é perto da lagoa da cidade	132	a casa dela é perto do rio da cidade	0.707090	0.776119	0.500000	
ped	56	edb3d8e5-d0c3-4ee6-97a8-ecb3afc84ded	DONE	IiGeladi midi akiidi	A casa dele/dela é no rio.	NO_MATCH	yes	no	SLASH_ALTERNATIVE	dela é no rio	8	a canoa dela é no rio	0.740196	0.764706	0.666667	
ped	59	bf632295-26f8-4ee6-979f-33f090ef0471	DONE	etogoli dakake lojetedi	As canoas (individualmente) são caras (cada uma com um preço caro)	NO_MATCH	no	yes	PARENTHETICAL_STRIPPED	as canoas são caras	81	estas pedras são pesadas	0.489203	0.604651	0.142857	
ped	60	bbd6b80b-3236-4172-8bd5-ba3fb404049e	DONE	etogoli dakake loojedi	as canoas (como classe/grupo) são caras 	NO_MATCH	yes	yes	PARENTHETICAL_STRIPPED	as canoas são caras	81	estas pedras são pesadas	0.489203	0.604651	0.142857	
