source	source_index	uid	kadiweu	kadiweu_portuguese	grammyep_sent_id	nheengatu	grammyep_portuguese	char_similarity	token_jaccard	combined_similarity	automatic_best_sent_id	automatic_best_portuguese	automatic_best_score	retrieved_above_0_80	manual_decision	variant_type	meaning_relation	confidence	comment	review_status
van	1	a7e338a1-5403-40d4-b169-c840cf193aae	iGeladi digoida weiigi	Minha casa é no rio	118	SENT-118: se ruka paranã upé	SENT-118: a minha casa é no rio	0.950000	0.833333	0.920833	118	a minha casa é no rio	0.920833	YES	DERIVED_VARIANT	ARTICLE	SAME_PROPOSITION	HIGH	Omissão do artigo definido no SN possessivo: 'a minha casa' > 'minha casa'.	TO_REVIEW
van	2	d07f0db7-963e-47ab-ab3f-36614732bacd	iGeladi idei weiigi	Minha casa é no rio	118	SENT-118: se ruka paranã upé	SENT-118: a minha casa é no rio	0.950000	0.833333	0.920833	118	a minha casa é no rio	0.920833	YES	DERIVED_VARIANT	ARTICLE	SAME_PROPOSITION	HIGH	Mesma variante de SENT-118; uma segunda realização Kadiwéu do mesmo estímulo português.	TO_REVIEW
van	3	f50b632e-fc1a-4ec0-b8b3-610dab7be736	iGeladi ideaGi weiigi	Minha casa é no rio	118	SENT-118: se ruka paranã upé	SENT-118: a minha casa é no rio	0.950000	0.833333	0.920833	118	a minha casa é no rio	0.920833	YES	DERIVED_VARIANT	ARTICLE	SAME_PROPOSITION	HIGH	Mesma variante de SENT-118; uma terceira realização Kadiwéu do mesmo estímulo português.	TO_REVIEW
van	6	3e518fdb-d852-41e5-87a4-f8778597c2a1	lotaGa GanaaginaGa libinienaGa	a palavra de seu irmão é bonita	98	SENT-98: ne kiuíra nheenga puranga	SENT-98: a palavra do seu irmão é bonita	0.967742	0.750000	0.913306	98	a palavra do seu irmão é bonita	0.913306	YES	DERIVED_VARIANT	PREPOSITION	SAME_PROPOSITION	HIGH	Alternância 'do seu irmão' > 'de seu irmão'; conteúdo proposicional preservado.	TO_REVIEW
van	9	2c026af9-b8a1-4389-b658-00113b070dee	niwatece liwaGatena lodejedi etidi weiigi	a canoa pesada barata está na lagoa	11	SENT-11: igara pusé sepiasuíma uiku	SENT-11: a pesada canoa está barata	0.655738	0.714286	0.670375	11	a pesada canoa está barata	0.670375	NO	DERIVED_VARIANT	WORD_ORDER|PREDICATE_ADDITION|LOCATIVE_ADDITION	SEMANTIC_VARIANT	MEDIUM	Retains the heavy/cheap canoe core of SENT-11, with reordered adjectives and an added lagoon locative.	TO_REVIEW
van	14	2386b5b5-57d0-4a1f-86c2-73f67561744c	naGajo lomiigo nigaanigawaanigi manitaGa niwatece	Aquele anzol do menino está na canoa.	31	SENT-31: nhaã kurumĩ pindá igara pupé	SENT-31: aquele anzol do menino é na canoa	0.927536	0.750000	0.883152	31	aquele anzol do menino é na canoa	0.883152	YES	DERIVED_VARIANT	COPULA	SAME_PROPOSITION	HIGH	Mesmo quadro locativo de SENT-31; 'é na canoa' > 'está na canoa'.	TO_REVIEW
van	15	4c41fdf6-0c48-4eb6-91f7-121c21f3e2a7	Nigaanigawaanigi idei madi niwatece ane adi nomiigo	O menino está na canoa que (tem) o anzol	31	SENT-31: nhaã kurumĩ pindá igara pupé	SENT-31: aquele menino é na canoa do anzol	0.684932	0.363636	0.604608	31	aquele menino é na canoa do anzol	0.604608	NO	DERIVED_VARIANT	RELATIVE_CLAUSE|POSSESSION	SEMANTIC_VARIANT	MEDIUM	Recasts the boy/canoe/hook configuration of SENT-31 as a relative-clause construction.	TO_REVIEW
van	16	235440ba-548e-4df6-8d9e-214cc8714f8f	niGijo nigaanigawaanigi manitaGa lomigo niwatece	Aquele menino está na canoa do anzol.	31	SENT-31: nhaã kurumĩ pindá igara pupé	SENT-31: aquele anzol do menino é na canoa	0.927536	0.750000	0.883152	31	aquele menino é na canoa do anzol	0.883152	YES	DERIVED_VARIANT	COPULA	SAME_PROPOSITION	HIGH	Mesmo quadro locativo de SENT-31; 'é na canoa' > 'está na canoa'.	TO_REVIEW
van	17	86f5c128-e931-4443-90cc-2359748ed69f	Eeyo nigotaGa	Estou na cidade							9	nós não estamos na comunidade	0.512987	NO	INDEPENDENT_ORIGIN			HIGH	No GrammYEP stimulus expresses “I am in the city”; lexical overlap with city/location items is insufficient.	TO_REVIEW
van	18	d021bede-064b-4fd5-bb33-6c7cd4279c1b	Eyo manitaGa nigotaGa	Estou na cidade							9	nós não estamos na comunidade	0.512987	NO	INDEPENDENT_ORIGIN			HIGH	Duplicate Portuguese stimulus “Estou na cidade”; no defensible GrammYEP antecedent.	TO_REVIEW
van	23	05676093-36c9-4e30-959a-e850447f32a5	ajo iwaGadi	ela está pesada / é pesada	56|3|55	SENT-56: i pusé uiku || SENT-3: aé i pusé || SENT-55: i pusé	SENT-56: ela está pesada || SENT-3: ela é pesada || SENT-55: ela é pesada	0.731707	0.600000	0.698780	56	ela está pesada	0.698780	NO	DERIVED_VARIANT	COPULA_ALTERNATION	SAME_PROPOSITION	HIGH	Explicitly combines GrammYEP alternatives “ela está pesada” and “ela é pesada”.	TO_REVIEW
van	26	0575dd46-865a-4ba4-bd49-ed6db054eeb4	ajo lapicaGa	ela é / está quente	5	SENT-5: aé saku	SENT-5: ela é quente	0.774194	0.600000	0.730645	5	ela é quente	0.730645	NO	DERIVED_VARIANT	COPULA_ALTERNATION	SAME_PROPOSITION	HIGH	Expands SENT-5 “ela é quente” with the alternative copula “está”.	TO_REVIEW
van	27	3aba0004-0ce2-4392-a334-ef814428ec0d	ijo libinienigi	ele está / é bonito	4	SENT-4: aé puranga	SENT-4: ele é bonito	0.774194	0.600000	0.730645	4	ele é bonito	0.730645	NO	DERIVED_VARIANT	COPULA_ALTERNATION	SAME_PROPOSITION	HIGH	Expands SENT-4 “ele é bonito” with “está”.	TO_REVIEW
van	28	d369088d-7d87-44b9-a956-2d5bd5f955e1	ijo lapicaGigi	ele é / está quente	5	SENT-5: aé saku	SENT-5: ele é quente	0.774194	0.600000	0.730645	5	ele é quente	0.730645	NO	DERIVED_VARIANT	COPULA_ALTERNATION	SAME_PROPOSITION	HIGH	Expands SENT-5 “ele é quente” with “está”.	TO_REVIEW
van	30	0c7e64fb-f070-4faa-a12a-c110cdf4bf16	niGijo lodaajo ajo lodowa aGica digoida liGeladi	esta faca da esposa dele não está na casa	23	SENT-23: nhaã ximiriku kisé ti uiku uka pupé	SENT-23: aquela faca da esposa dele não está na casa	0.928571	0.800000	0.896429	23	aquela faca da esposa dele não está na casa	0.896429	YES	DERIVED_VARIANT	DEMONSTRATIVE	SEMANTIC_VARIANT	HIGH	Mudança dêitica 'aquela faca' > 'esta faca'; restante da estrutura coincide.	TO_REVIEW
van	31	5d76c7ee-51ce-47b0-a85d-ddc7f7d33f5f	ica liwigo niganigawanigi libinienigi	esta fotografia da criança é bonita	22	SENT-22: kuá taína rangaua puranga	SENT-22: este retrato da criança é bonito	0.746269	0.333333	0.643035	22	este retrato da criança é bonito	0.643035	NO	DERIVED_VARIANT	LEXICAL|GENDER|DEMONSTRATIVE	SAME_PROPOSITION	HIGH	Systematic fotografia/retrato lexical substitution plus agreement/demonstrative changes; child-picture proposition retained.	TO_REVIEW
van	37	ba34b659-bcb8-4aa2-b9f4-b969ba786b12	ani wetiGa me iwaGadi eniteloco iGonagi	esta pedra que é pesada caiu no meu pé	77	SENT-77: kuá itá i pusé	SENT-77: esta pedra é pesada	0.666667	0.444444	0.611111	77	esta pedra é pesada	0.611111	NO	DERIVED_VARIANT	RELATIVE_CLAUSE|EVENT_ADDITION	SEMANTIC_VARIANT	HIGH	Embeds SENT-77 “esta pedra é pesada” in a larger sentence adding the falling-on-foot event.	TO_REVIEW
van	38	61da4017-2140-4577-82e4-d5108efae675	ani wetiGa ane iwaGadi eniteloco iGonagi	esta pedra , que é pesada , caiu no meu pé	77	SENT-77: kuá itá i pusé	SENT-77: esta pedra é pesada	0.644068	0.181818	0.528505	77	esta pedra é pesada	0.528505	NO	DERIVED_VARIANT	RELATIVE_CLAUSE|EVENT_ADDITION	SEMANTIC_VARIANT	HIGH	Appositive relative-clause version built from SENT-77 plus a falling-on-foot event.	TO_REVIEW
van	42	44646324-eb90-42f0-b944-21f0452109e2	ijoa nigetedi liwigo libinienaGa	estes ovos da fotografia dela estão bonitos	94	SENT-94: kuá-itá sangaua rupiá puranga uiku	SENT-94: estes ovos do retrato dela estão bonitos	0.819277	0.555556	0.753347	94	estes ovos do retrato dela estão bonitos	0.753347	NO	DERIVED_VARIANT	LEXICAL	SAME_PROPOSITION	HIGH	Systematic fotografia/retrato substitution; otherwise matches SENT-94.	TO_REVIEW
van	43	a2910ce3-a0d2-4eac-bcc3-2da15db88b90	ijo niwigo libinienigi ijowa nigetedi	estes ovos da fotografia dela estão bonitos	94	SENT-94: kuá-itá sangaua rupiá puranga uiku	SENT-94: estes ovos do retrato dela estão bonitos	0.819277	0.555556	0.753347	94	estes ovos do retrato dela estão bonitos	0.753347	NO	DERIVED_VARIANT	LEXICAL	SAME_PROPOSITION	HIGH	Same fotografia/retrato substitution as the preceding record.	TO_REVIEW
van	44	075356e6-f89c-4d83-b001-435d13b319dc	ijoa nigetedi niwigo libinienigipi	estes ovos da fotografia estão bonitos	94	SENT-94: kuá-itá sangaua rupiá puranga uiku	SENT-94: estes ovos do retrato estão bonitos	0.794521	0.500000	0.720890	94	estes ovos do retrato estão bonitos	0.720890	NO	DERIVED_VARIANT	LEXICAL	SAME_PROPOSITION	HIGH	Same fotografia/retrato substitution, without overt possessor.	TO_REVIEW
van	45	5739aca1-95fc-4584-9550-d7bd73c3c361	okokodi ligetedi midi niwigo libinienaGa .	Os ovos da fotografia são bonitos. (Os ovos de galinha que estão na fotografia são bonitos.)	93	SENT-93: kuá-itá sangaua rupiá puranga	SENT-93: estes ovos do retrato são bonitos	0.368000	0.117647	0.305412	44	os filhos da Maria são bonitos	0.341957	NO	DERIVED_VARIANT	LEXICAL|RELATIVE_CLAUSE|NP_EXPANSION	SEMANTIC_VARIANT	MEDIUM	Develops the eggs-in-picture paradigm represented by SENT-93; parenthetical version adds chicken and a relative clause.	TO_REVIEW
van	46	83a62eb4-5a9e-43b0-b6b4-bded8dbd8ffe	liwigo okokodi ligetedi libinienigi .	A fotografia dos ovos (da galinha) é bonita.	85	SENT-85: kuá supiá-itá rangaua puranga	SENT-85: este retrato dos ovos dela é bonito	0.589744	0.250000	0.504808	85	este retrato dos ovos dela é bonito	0.504808	NO	DERIVED_VARIANT	LEXICAL|NP_REDUCTION	SEMANTIC_VARIANT	MEDIUM	Corresponds to the picture-of-eggs paradigm (SENT-85), with fotografia/retrato substitution and reduced possessive specification.	TO_REVIEW
van	47	fad6e8d3-1e9f-451c-aaa7-fd28aecfd967	idiwa noGojedi lixagotaGaGa adakake loojedi	estes peixes vermelhos estão baratos	21|24	SENT-21: kuá pirá-itá piranga sepiasuíma uiku || SENT-24: kuá-itá pirá piranga sepiasuíma uiku	SENT-21: estes vermelhos peixes estão baratos || SENT-24: estes vermelhos peixes estão baratos	0.805556	1.000000	0.854167	21	estes vermelhos peixes estão baratos	0.854167	YES	DERIVED_VARIANT	WORD_ORDER	SAME_PROPOSITION	MEDIUM	Ordem nome/adjetivo alterada. SENT-21 e SENT-24 têm o mesmo equivalente português; o português sozinho não desambigua o antecedente.	TO_REVIEW
van	59	6852927c-53de-411d-9ed9-e0f9d78309cd	ee jigipegitege	estou perto dela	14|50|64	SENT-14: ixé aiku suaki || SENT-50: aiku suaki || SENT-64: ixé aiku suaki	SENT-14: eu estou perto dela || SENT-50: eu estou perto dela || SENT-64: eu estou perto dela	0.914286	0.750000	0.873214	14	eu estou perto dela	0.873214	YES	DERIVED_VARIANT	SUBJECT_OMISSION	SAME_PROPOSITION	MEDIUM	Omissão de 'eu'. Três SENT-IDs têm o mesmo equivalente português, impedindo desambiguação segura.	TO_REVIEW
van	60	2b6a6bee-392e-49f9-97a9-0afbb0af2eff	ee jigipegitegi	estou perto dele	14|50|64	SENT-14: ixé aiku suaki || SENT-50: aiku suaki || SENT-64: ixé aiku suaki	SENT-14: eu estou perto dela || SENT-50: eu estou perto dela || SENT-64: eu estou perto dela	0.914286	0.750000	0.873214	14	eu estou perto dele	0.873214	YES	DERIVED_VARIANT	SUBJECT_OMISSION	SAME_PROPOSITION	MEDIUM	Omissão de 'eu'. Três SENT-IDs têm o mesmo equivalente português, impedindo desambiguação segura.	TO_REVIEW
van	61	42df6a83-6ae1-49b2-bd99-fbed7e2a083b	aGeewi mica iniKGigi	não sou muito feliz (não é verdade que eu sou feliz)	68	SENT-68: ixé niti se ruri retana	SENT-68: eu não sou muito feliz	0.513514	0.500000	0.510135	68	eu não sou muito feliz	0.510135	NO	DERIVED_VARIANT	SUBJECT_OMISSION|PARAPHRASE	SAME_PROPOSITION	HIGH	First clause is SENT-68 without overt “eu”; parenthesis supplies a truth-conditional paraphrase.	TO_REVIEW
van	62	27d94732-46ea-4286-a1d4-b2861806a579	aGeyo mica inikGigi	não sou muito feliz	68	SENT-68: ixé niti se ruri retana	SENT-68: eu não sou muito feliz	0.926829	0.800000	0.895122	68	eu não sou muito feliz	0.895122	YES	DERIVED_VARIANT	SUBJECT_OMISSION	SAME_PROPOSITION	HIGH	Omissão do sujeito expresso 'eu'.	TO_REVIEW
van	63	651a68ed-90a0-45b7-9eb5-411bc2c189c7	JipecaGataGagi	nós estamos perto de você	57	SENT-57: iaiku pe ruaki	SENT-57: nós estamos perto de vocês	0.980392	0.666667	0.901961	57	nós estamos perto de vocês	0.901961	YES	DERIVED_VARIANT	NUMBER	SEMANTIC_VARIANT	HIGH	Mudança no número do interlocutor: 'vocês' > 'você'.	TO_REVIEW
van	65	e9b78452-925e-458b-848a-d52ab76f6840	jipacaGataGagitiwaji	estamos perto de vocês	57	SENT-57: iaiku pe ruaki	SENT-57: nós estamos perto de vocês	0.916667	0.800000	0.887500	57	nós estamos perto de vocês	0.887500	YES	DERIVED_VARIANT	SUBJECT_OMISSION	SAME_PROPOSITION	HIGH	Omissão do sujeito expresso 'nós'.	TO_REVIEW
van	66	fbae0277-3aad-4812-9229-94179b5a97a0	aGidejonaGa midi Godoigi	não estamos na comunidade	9|40	SENT-9: iandé ti iaiku tendaua upé || SENT-40: ti iaiku tendaua upé	SENT-9: nós não estamos na comunidade || SENT-40: nós não estamos na comunidade	0.925926	0.800000	0.894444	9	nós não estamos na comunidade	0.894444	YES	DERIVED_VARIANT	SUBJECT_OMISSION	SAME_PROPOSITION	MEDIUM	Omissão de 'nós'. SENT-9 e SENT-40 têm o mesmo equivalente português.	TO_REVIEW
van	72	b97e5b2f-d0da-4238-8ee6-2c64ded91f76	ijowa leonigipi iwaalo idi metaGa	os filhos da mulher estão com ele	75	SENT-75: kunhã mimbira-itá uiku se irũmu	SENT-75: os filhos da mulher estão comigo	0.892308	0.625000	0.825481	75	os filhos da mulher estão comigo	0.825481	YES	DERIVED_VARIANT	PERSON	SEMANTIC_VARIANT	HIGH	Mudança do complemento comitativo: 'comigo' > 'com ele'. O paradigma próximo e o correspondente de Hilário reforçam a relação com SENT-75.	TO_REVIEW
van	73	c1b350df-ed1a-4e3b-89a8-a6fa9ca8382e	ligeladi ipegitege niweiigi nigotaGa	a casa dela é perto da cidade do rio	132	SENT-132: suka taua paranã ruaki	SENT-132: a casa dela é perto do rio da cidade	0.805556	1.000000	0.854167	132	a casa dela é perto do rio da cidade	0.854167	YES	DERIVED_VARIANT	POSSESSION	SEMANTIC_VARIANT	HIGH	Reorganização da relação nominal: 'rio da cidade' > 'cidade do rio'. SENT-132 contém o paradigma correspondente.	TO_REVIEW
hil	3	39f34955-a828-47d7-808d-b3b3565b42d6	LotaGa Ganioxoa libinienaGa	A palavra de seu irmão é bonita .	98	SENT-98: ne kiuíra nheenga puranga	SENT-98: a palavra do seu irmão é bonita	0.967742	0.750000	0.913306	98	a palavra do seu irmão é bonita	0.913306	YES	DERIVED_VARIANT	PREPOSITION	SAME_PROPOSITION	HIGH	Alternância 'do seu irmão' > 'de seu irmão'.	TO_REVIEW
hil	6	1d10c633-e74d-4e27-ac23-6b6b2dde9647	Etogo ane iwaGadi adakake loojedi	A canoa pesada é barata .	11	SENT-11: igara pusé sepiasuíma uiku	SENT-11: a pesada canoa está barata	0.653061	0.666667	0.656463	11	a pesada canoa está barata	0.656463	NO	DERIVED_VARIANT	WORD_ORDER|COPULA	SAME_PROPOSITION	HIGH	Reorders pesada relative to canoa and changes “está barata” to “é barata”; same heavy-cheap canoe proposition.	TO_REVIEW
hil	12	3a7e213b-323e-4694-bad9-47091f3533f5	Te ee nigotaGa	Estou na cidade .							9	nós não estamos na comunidade	0.512987	NO	INDEPENDENT_ORIGIN			HIGH	No GrammYEP stimulus expresses “Estou na cidade”.	TO_REVIEW
hil	22	b9d77060-3ac9-4305-ba86-2723cc7cb70a	Ada iwaGadi	Ela está é pesada.	56	SENT-56: i pusé uiku	SENT-56: ela está pesada	0.937500	0.750000	0.890625	56	ela está pesada	0.890625	YES	DERIVED_VARIANT	COPULA	SAME_PROPOSITION	HIGH	Expansão superficial 'ela está pesada' > 'ela está é pesada'; SENT-56 é o candidato estrutural mais próximo.	TO_REVIEW
hil	23	7521cd51-aa9b-4ff6-8d87-a5ce4ca92b6d	Ani iwaGadi	Ela está é pesada.	56	SENT-56: i pusé uiku	SENT-56: ela está pesada	0.937500	0.750000	0.890625	56	ela está pesada	0.890625	YES	DERIVED_VARIANT	COPULA	SAME_PROPOSITION	HIGH	Mesmo caso de Hilário 22, com outra realização Kadiwéu.	TO_REVIEW
hil	24	96687d35-46ae-4338-9398-ff66a3165b61	Adi iwaGadi	Ela está é pesada.	56	SENT-56: i pusé uiku	SENT-56: ela está pesada	0.937500	0.750000	0.890625	56	ela está pesada	0.890625	YES	DERIVED_VARIANT	COPULA	SAME_PROPOSITION	HIGH	Mesmo caso de Hilário 22, com outra realização Kadiwéu.	TO_REVIEW
hil	27	f9af3f8f-3b06-4756-8676-b5ffb2c24b44	DapipocoGo	Ela está quente .	5	SENT-5: aé saku	SENT-5: ela é quente	0.814815	0.500000	0.736111	5	ela é quente	0.736111	NO	DERIVED_VARIANT	COPULA	SAME_PROPOSITION	HIGH	“Ela está quente” from SENT-5 “ela é quente”.	TO_REVIEW
hil	28	fab37d81-bb9b-4e20-a8f5-3b3969ee86d1	libiniena	Ele está bonito .	4	SENT-4: aé puranga	SENT-4: ele é bonito	0.814815	0.500000	0.736111	4	ele é bonito	0.736111	NO	DERIVED_VARIANT	COPULA	SAME_PROPOSITION	HIGH	“Ele está bonito” from SENT-4 “ele é bonito”.	TO_REVIEW
hil	31	ea70209d-4f3c-4bf9-8d93-2d91fa0f928c	DapicoGo	Ele está quente .	5	SENT-5: aé saku	SENT-5: ele é quente	0.814815	0.500000	0.736111	5	ele é quente	0.736111	NO	DERIVED_VARIANT	COPULA	SAME_PROPOSITION	HIGH	“Ele está quente” from SENT-5 “ele é quente”.	TO_REVIEW
hil	33	3a27c7c6-ecd6-45c0-a71e-b4aa2a242a3d	NiGida lodajo lodawa aidei dineigi	Esta faca da esposa dele (do marido dela) não está na casa .	23	SENT-23: nhaã ximiriku kisé ti uiku uka pupé	SENT-23: aquela faca da esposa dele não está na casa	0.772277	0.615385	0.733054	23	aquela faca da esposa dele não está na casa	0.733054	NO	DERIVED_VARIANT	DEMONSTRATIVE|PARENTHETICAL_POSSESSOR	SEMANTIC_VARIANT	HIGH	Clearly develops SENT-23, changing deixis and adding the alternative possessor in parentheses.	TO_REVIEW
hil	34	64f2c803-b436-4202-b4c7-acf5c7205bc3	liwigo niganigawanigi libinienigi	Esta fotografia da criança é bonita .	22	SENT-22: kuá taína rangaua puranga	SENT-22: este retrato da criança é bonito	0.746269	0.333333	0.643035	22	este retrato da criança é bonito	0.643035	NO	DERIVED_VARIANT	LEXICAL|GENDER|DEMONSTRATIVE	SAME_PROPOSITION	HIGH	fotografia/retrato substitution with agreement/demonstrative changes.	TO_REVIEW
hil	39	38f73c1c-ddfb-4153-9310-d24214cd68e7	NaGani wetiGa ane iwaGadi eniteloco iGonagi	Esta pedra que é pesada caiu no meu pé .	77	SENT-77: kuá itá i pusé	SENT-77: esta pedra é pesada	0.666667	0.444444	0.611111	77	esta pedra é pesada	0.611111	NO	DERIVED_VARIANT	RELATIVE_CLAUSE|EVENT_ADDITION	SEMANTIC_VARIANT	HIGH	Embeds SENT-77 in a larger falling-on-foot event.	TO_REVIEW
hil	40	e1bcbfa4-89e4-4d25-8d84-bc9ed0b2f7e4	NaGani wetiGa , ane iwaGadi , eniteloco iGonagi	Esta pedra , que é pesada , caiu no meu pé .	77	SENT-77: kuá itá i pusé	SENT-77: esta pedra é pesada	0.644068	0.181818	0.528505	77	esta pedra é pesada	0.528505	NO	DERIVED_VARIANT	RELATIVE_CLAUSE|EVENT_ADDITION	SEMANTIC_VARIANT	HIGH	Appositive relative version of the SENT-77 extension.	TO_REVIEW
hil	42	79cb0e55-9c06-4cb1-91b3-2b5233e1678f	niGidiwa okokodi ligetedi midi niwigo libinienaGa	Estes ovos da fotografia dela estão bonitos .	94	SENT-94: kuá-itá sangaua rupiá puranga uiku	SENT-94: estes ovos do retrato dela estão bonitos	0.819277	0.555556	0.753347	94	estes ovos do retrato dela estão bonitos	0.753347	NO	DERIVED_VARIANT	LEXICAL	SAME_PROPOSITION	HIGH	fotografia/retrato substitution; otherwise SENT-94.	TO_REVIEW
hil	43	a74fea0a-dd87-4c4d-8670-9db66f5b5b16	niGidiwa okokodi ligetedi liwigo libinienaGa	Estes ovos da fotografia estão bonitos .	94	SENT-94: kuá-itá sangaua rupiá puranga uiku	SENT-94: estes ovos do retrato estão bonitos	0.794521	0.500000	0.720890	94	estes ovos do retrato estão bonitos	0.720890	NO	DERIVED_VARIANT	LEXICAL	SAME_PROPOSITION	HIGH	fotografia/retrato substitution; possessor omitted as in one SENT-94 Portuguese alternative.	TO_REVIEW
hil	44	83fdcd4c-338f-4a9f-8545-da8539e67e9d	NiGidiwa noGojedi lixagotaGaGa adakake loojedi	Estes peixes vermelhos estão baratos .	21|24	SENT-21: kuá pirá-itá piranga sepiasuíma uiku || SENT-24: kuá-itá pirá piranga sepiasuíma uiku	SENT-21: estes vermelhos peixes estão baratos || SENT-24: estes vermelhos peixes estão baratos	0.805556	1.000000	0.854167	21	estes vermelhos peixes estão baratos	0.854167	YES	DERIVED_VARIANT	WORD_ORDER	SAME_PROPOSITION	MEDIUM	Ordem nome/adjetivo alterada; SENT-21 e SENT-24 compartilham o mesmo equivalente português.	TO_REVIEW
hil	53	71aff593-7b38-4c17-9563-4503985dbd03	jipegitege	Estou perto dela .	14|50|64	SENT-14: ixé aiku suaki || SENT-50: aiku suaki || SENT-64: ixé aiku suaki	SENT-14: eu estou perto dela || SENT-50: eu estou perto dela || SENT-64: eu estou perto dela	0.914286	0.750000	0.873214	14	eu estou perto dela	0.873214	YES	DERIVED_VARIANT	SUBJECT_OMISSION	SAME_PROPOSITION	MEDIUM	Omissão de 'eu'; três SENT-IDs possuem o mesmo equivalente português.	TO_REVIEW
hil	54	f4f18c18-728c-4d6b-b7dd-2df62c4a829a	jipegitege	Estou perto dele .	14|50|64	SENT-14: ixé aiku suaki || SENT-50: aiku suaki || SENT-64: ixé aiku suaki	SENT-14: eu estou perto dela || SENT-50: eu estou perto dela || SENT-64: eu estou perto dela	0.914286	0.750000	0.873214	14	eu estou perto dele	0.873214	YES	DERIVED_VARIANT	SUBJECT_OMISSION	SAME_PROPOSITION	MEDIUM	Omissão de 'eu'; três SENT-IDs possuem o mesmo equivalente português.	TO_REVIEW
hil	55	90ca38d8-e063-4c98-af51-4b9022ade506	aGeliodi me idinitibeci .	Não sou muito feliz .	68	SENT-68: ixé niti se ruri retana	SENT-68: eu não sou muito feliz	0.926829	0.800000	0.895122	68	eu não sou muito feliz	0.895122	YES	DERIVED_VARIANT	SUBJECT_OMISSION	SAME_PROPOSITION	HIGH	Omissão do sujeito expresso 'eu'.	TO_REVIEW
hil	56	82bfae64-45e7-403f-bcd0-190e00f4520f	jipecaGataGagi .	Nós estamos perto de você .	57	SENT-57: iaiku pe ruaki	SENT-57: nós estamos perto de vocês	0.980392	0.666667	0.901961	57	nós estamos perto de vocês	0.901961	YES	DERIVED_VARIANT	NUMBER	SEMANTIC_VARIANT	HIGH	Mudança 'vocês' > 'você'.	TO_REVIEW
hil	58	9a136412-a636-4e5e-aa54-ac684ae7bed3	jipecaGataGagitiwaji .	Estamos perto de vocês .	57	SENT-57: iaiku pe ruaki	SENT-57: nós estamos perto de vocês	0.916667	0.800000	0.887500	57	nós estamos perto de vocês	0.887500	YES	DERIVED_VARIANT	SUBJECT_OMISSION	SAME_PROPOSITION	HIGH	Omissão do sujeito expresso 'nós'.	TO_REVIEW
hil	59	dff00f05-7be1-4d62-b3ed-b8a8870851e9	aidejonaGa midi Godoigi	Não estamos na comunidade.	9|40	SENT-9: iandé ti iaiku tendaua upé || SENT-40: ti iaiku tendaua upé	SENT-9: nós não estamos na comunidade || SENT-40: nós não estamos na comunidade	0.925926	0.800000	0.894444	9	nós não estamos na comunidade	0.894444	YES	DERIVED_VARIANT	SUBJECT_OMISSION	SAME_PROPOSITION	MEDIUM	Omissão de 'nós'; SENT-9 e SENT-40 têm o mesmo equivalente português.	TO_REVIEW
hil	69	9669b093-f0a2-4187-9063-cec9ba4c0196	Nigaanigawaanigi etini liwatece Pedilo	Menino está na canoa do Pedro.	31	SENT-31: nhaã kurumĩ pindá igara pupé	SENT-31: aquele menino é na canoa do anzol	0.677419	0.444444	0.619176	31	aquele menino é na canoa do anzol	0.619176	NO	POSSIBLY_RELATED	DEMONSTRATIVE|COPULA|LEXICAL_POSSESSOR	SEMANTIC_VARIANT	LOW	Shares the boy-in-canoe possessive frame with SENT-31, but Pedro replaces hook and the relationship may reflect a productive elicitation frame rather than direct derivation.	TO_REVIEW
hil	70	529c167b-b3a7-40cc-af76-c7522719c6d4	NiGijo nigaanigawaanigi etini liwatece ideloGole	Aquele menino está na canoa da lagoinha.	31	SENT-31: nhaã kurumĩ pindá igara pupé	SENT-31: aquele menino é na canoa do anzol	0.750000	0.400000	0.662500	31	aquele menino é na canoa do anzol	0.662500	NO	POSSIBLY_RELATED	COPULA|LEXICAL_POSSESSOR	SEMANTIC_VARIANT	LOW	Shares the “aquele menino ... na canoa de X” frame with SENT-31, but lagoinha replaces hook; direct derivation is uncertain.	TO_REVIEW
ped	1	ed98d4d1-638c-4377-8c6d-5511855636d1	ajo liwatece ja iwaGadi	A canoa dele/a é pesada	7	SENT-7: i igara i pusé uiku	SENT-7: a canoa dele está pesada	0.851064	0.428571	0.745441	7	a canoa dela está pesada	0.745441	YES	DERIVED_VARIANT	COPULA|POSSESSION	SAME_PROPOSITION	HIGH	A notação 'dele/a' generaliza o possuidor; alternância 'está pesada' > 'é pesada'.	TO_REVIEW
ped	2	ccb5ea37-b3ba-47a9-8d71-224f599ea7be	ajo liwatece etadi weiigi	A canoa dele/a está no rio	8	SENT-8: i igara paranã upé	SENT-8: a canoa dele é no rio	0.851064	0.500000	0.763298	8	a canoa dela é no rio	0.763298	YES	DERIVED_VARIANT	COPULA|POSSESSION	SAME_PROPOSITION	HIGH	A notação 'dele/a' generaliza o possuidor; alternância locativa 'é no rio' > 'está no rio'.	TO_REVIEW
ped	5	b2e3ea43-0d68-46ee-9f33-938610cc8aec	niwatece etadi weiigi	A canoa está no rio	60	SENT-60: igara paranã upé	SENT-60: a canoa é no rio	0.857143	0.666667	0.809524	60	a canoa é no rio	0.809524	YES	DERIVED_VARIANT	COPULA	SAME_PROPOSITION	HIGH	Alternância locativa 'é no rio' > 'está no rio'.	TO_REVIEW
ped	6	1b99ecb9-5656-4c38-b60b-fbbe643708fb	ajo niwatece ipegitege weiigi	A canoa está perto do rio	58	SENT-58: igara paranã ruaki	SENT-58: a canoa é perto do rio	0.893617	0.714286	0.848784	58	a canoa é perto do rio	0.848784	YES	DERIVED_VARIANT	COPULA	SAME_PROPOSITION	HIGH	Alternância 'é perto' > 'está perto'.	TO_REVIEW
ped	7	e553e02e-0d33-4fed-8f6a-b7cf5c9cf9c9	liGeladi Maria aGipegetege	A casa de Maria não é perto dela	1	SENT-1: Maria ruka ti suaki	SENT-1: a casa da Maria não é perto dela	0.968750	0.777778	0.921007	1	a casa da Maria não é perto dela	0.921007	YES	DERIVED_VARIANT	PREPOSITION	SAME_PROPOSITION	HIGH	Contração/artigo em 'da Maria' > 'de Maria'; proposição preservada.	TO_REVIEW
ped	8	79a6cd4e-b585-437a-9084-1fa077dec3b6	ica liGeladi ipegetege	A casa está perto dela	133	SENT-133: suka uiku suaki	SENT-133: a casa dela está perto dela	0.897959	1.000000	0.923469	133	a casa dela está perto dela	0.923469	YES	DERIVED_VARIANT	POSSESSION	SEMANTIC_VARIANT	MEDIUM	O possuidor de 'casa' presente em SENT-133 não é expresso; a relação com o paradigma é forte, mas há redução semântica.	TO_REVIEW
ped	9	e9d6dfb6-656d-44aa-ba17-86289fd72268	liGeladi idei nigotaGa	A casa fica perto da cidade	132|38	SENT-132: suka taua paranã ruaki || SENT-38: suka taua upé	SENT-132: a casa dela é perto do rio da cidade || SENT-38: a casa dela é na cidade	0.761905	0.500000	0.696429	132	a casa dela é perto do rio da cidade	0.696429	NO	POSSIBLY_RELATED	COPULA|POSSESSION_REDUCTION	SEMANTIC_VARIANT	LOW	Fits the house/city/near paradigm, but no single GrammYEP stimulus supplies this exact combination; likely paradigmatic elicitation rather than traceable direct derivation.	TO_REVIEW
ped	10	2fff1f23-4e6f-401c-8b74-6a17ff6a391a	ica liGeladi ipegitegi	a casa dela/dele fica perto dele 	131	SENT-131: suka suaki	SENT-131: a casa dele é perto dele	0.821429	0.571429	0.758929	131	a casa dele é perto dele	0.758929	NO	DERIVED_VARIANT	COPULA|POSSESSION	SAME_PROPOSITION	HIGH	Generalizes possessor gender and changes “é perto” to “fica perto” from SENT-131.	TO_REVIEW
ped	11	fef391af-9e63-419f-8f81-057459193f49	ica Maria looligi alidi	a comida da Maria não está deliciosa (a não gostosura da comida da Maria)	47	SENT-47: Maria rimbiú ti sé uiku	SENT-47: a comida da Maria não está deliciosa	0.660550	0.700000	0.670413	47	a comida da Maria não está deliciosa	0.670413	NO	DERIVED_VARIANT	PARAPHRASE_ADDITION	SAME_PROPOSITION	HIGH	First clause is exactly SENT-47; parenthesis adds a nominal paraphrase.	TO_REVIEW
ped	12	070d221f-f72d-4055-9c82-ddc383743e6a	ica looligi lidi	A comida está/é deliciosa (A gostosura da comida da Maria)	139|142	SENT-139: timbiú sé || SENT-142: ximbiú sé uiku	SENT-139: a comida é deliciosa || SENT-142: a comida dela está deliciosa	0.534884	0.300000	0.476163	142	a comida dela está deliciosa	0.476163	NO	DERIVED_VARIANT	COPULA_ALTERNATION|POSSESSION|PARAPHRASE_ADDITION	SEMANTIC_VARIANT	MEDIUM	Combines the delicious-food paradigm (SENT-139/142) with copular alternatives and a nominal paraphrase; exact antecedent is not unique.	TO_REVIEW
ped	13	68277d1f-c30b-4c4f-ba9e-c2883cc133af	ica looligi dapico	A comida dela está quente	43	SENT-43: ximbiú saku	SENT-43: a comida dela é quente	0.893617	0.666667	0.836879	43	a comida dela é quente	0.836879	YES	DERIVED_VARIANT	COPULA	SAME_PROPOSITION	HIGH	Alternância 'é quente' > 'está quente'.	TO_REVIEW
ped	14	5bebca84-3ecb-44c1-bf70-7eef6f5c0ff5	ica looligi ja dapico	a comida dela está quente	43	SENT-43: ximbiú saku	SENT-43: a comida dela é quente	0.893617	0.666667	0.836879	43	a comida dela é quente	0.836879	YES	DERIVED_VARIANT	COPULA	SAME_PROPOSITION	HIGH	Alternância 'é quente' > 'está quente'; segunda realização Kadiwéu.	TO_REVIEW
ped	15	c5bd2cb2-e53b-40e4-9159-6dacde49c1b6	ica looligi lideGegi	A comida é deliciosa (a gostosura da comida dela)	139	SENT-139: timbiú sé	SENT-139: a comida é deliciosa	0.579710	0.500000	0.559783	139	a comida é deliciosa	0.559783	NO	DERIVED_VARIANT	PARAPHRASE_ADDITION	SAME_PROPOSITION	HIGH	First clause is SENT-139; parenthesis adds a nominal paraphrase.	TO_REVIEW
ped	16	19cc39ce-fe03-4551-8097-9d163a38a3c0	loigipodi libinienigipi	A comunidade dele/dela é bonita	37	SENT-37: sendaua puranga	SENT-37: a comunidade dela é bonita	0.912281	0.666667	0.850877	37	a comunidade dela é bonita	0.850877	YES	DERIVED_VARIANT	POSSESSION	SAME_PROPOSITION	HIGH	A notação 'dele/dela' reúne as duas alternativas já representadas em SENT-37.	TO_REVIEW
ped	18	582429f2-67d5-4077-b209-6deb7b5df54f	ica lideGegi loligi idei liGeladi	a deliciosa comida está na casa dela/dele	140	SENT-140: timbiú sé uiku suka upé	SENT-140: a deliciosa comida está na casa dela	0.935065	0.750000	0.888799	140	a deliciosa comida está na casa dela	0.888799	YES	DERIVED_VARIANT	POSSESSION	SAME_PROPOSITION	HIGH	A notação 'dela/dele' reúne as alternativas portuguesas de SENT-140.	TO_REVIEW
ped	19	0f478381-6858-463d-94cc-903e9dc879f9	ica liwigo libinienigi	a fotografia dela/dele é/está bonita	106	SENT-106: sangaua puranga uiku	SENT-106: o retrato dela está bonito	0.612903	0.000000	0.459677	37	a comunidade dele é bonita	0.522177	NO	DERIVED_VARIANT	LEXICAL|POSSESSION|COPULA_ALTERNATION	SAME_PROPOSITION	MEDIUM	Belongs to the retrato/fotografia predicate paradigm represented by SENT-106, generalized for possessor and copula.	TO_REVIEW
ped	20	55551636-8ed3-4545-8510-d8dbfd817a1a	ica niwigo libinienigi	a fotografia é/está bonita	106	SENT-106: sangaua puranga uiku	SENT-106: o retrato está bonito	0.595745	0.000000	0.446809	17	a mulher está bonita	0.572464	NO	DERIVED_VARIANT	LEXICAL|POSSESSION_REDUCTION|COPULA_ALTERNATION	SEMANTIC_VARIANT	MEDIUM	Generalizes the SENT-106 picture predicate by removing possessor and offering é/está; fotografia/retrato alternation is systematic in these data.	TO_REVIEW
ped	21	5d0b94bf-223d-4f09-8c6f-b951a70d6d0b	ica nioladi Ganixoa	A língua do teu irmão 	98	SENT-98: ne kiuíra nheenga puranga	SENT-98: a língua do seu irmão é bonita	0.784314	0.500000	0.713235	98	a língua do seu irmão é bonita	0.713235	NO	DERIVED_VARIANT	PREDICATE_DELETION|PRONOUN	SEMANTIC_VARIANT	MEDIUM	Reduces SENT-98 to the subject NP “a língua do teu irmão”, with seu/teu alternation; predicate is absent.	TO_REVIEW
ped	22	881131dd-3f70-411a-ac7e-85557139d1e3	ica nioladi nioxoa libinienigi	A língua do irmão dele/dela é bonita	98	SENT-98: ne kiuíra nheenga puranga	SENT-98: a língua do seu irmão é bonita	0.787879	0.750000	0.778409	98	a língua do seu irmão é bonita	0.778409	NO	DERIVED_VARIANT	POSSESSION	SAME_PROPOSITION	HIGH	Recasts “seu irmão” as “irmão dele/dela”; same predicate.	TO_REVIEW
ped	23	95a7d135-4be0-463d-b443-76cc5828fc89	ica nioladi lodawa libinienigi	A língua do marido/esposa dele/dela é bonita	28	SENT-28: ne mena nheenga puranga	SENT-28: a língua do seu marido é bonita	0.720000	0.555556	0.678889	28	a língua do seu marido é bonita	0.678889	NO	DERIVED_VARIANT	POSSESSION|LEXICAL_GENDER	SEMANTIC_VARIANT	HIGH	Expands SENT-28 husband possessor into marido/esposa and dele/dela alternatives.	TO_REVIEW
ped	24	2f47b402-9fe7-4714-96e3-c6cbdf405472	iGeladi idei naigi anenapioi	a minha casa está naquela suja rua (=minha casa fica no caminho que é sujo)	126	SENT-126: se ruka uiku nhaã kiá pé upé	SENT-126: a minha casa está naquela suja rua	0.623853	0.500000	0.592890	126	a minha casa está naquela suja rua	0.592890	NO	DERIVED_VARIANT	PARAPHRASE_ADDITION	SAME_PROPOSITION	HIGH	First clause is exactly SENT-126; parenthesis paraphrases the dirty-road relation.	TO_REVIEW
ped	25	a4d33655-fe74-4df2-8d5e-b3c88fba5fd1	iGeladi idei naigi me napioi	Minha casa fica na rua suja (na rua que é suja).	113|114|126|127	SENT-113: se ruka nhaã kiá pé upé || SENT-114: se ruka nhaã kiá sapé upé || SENT-126: se ruka uiku nhaã kiá pé upé || SENT-127: se ruka uiku nhaã kiá sapé upé	SENT-113: a minha casa é naquela suja rua || SENT-114: a minha casa é naquela suja rua dela || SENT-126: a minha casa está naquela suja rua || SENT-127: a minha casa está naquela suja rua dela	0.674699	0.384615	0.602178	114	a minha casa é naquela suja rua dela	0.602178	NO	DERIVED_VARIANT	COPULA|DEMONSTRATIVE|WORD_ORDER|PARAPHRASE_ADDITION	SAME_PROPOSITION	MEDIUM	Clearly belongs to the minha-casa/rua-suja paradigm; several GrammYEP members are possible antecedents.	TO_REVIEW
ped	26	f081c545-c42b-463d-b57f-db87787f20e7	João liGeladi ane napioi	a casa do João, que é suja							113	a minha casa é naquela suja rua	0.521053	NO	INDEPENDENT_ORIGIN			MEDIUM	No GrammYEP stimulus contains João as possessor of a dirty house; similarity to the minha-casa/rua-suja paradigm is only schematic.	TO_REVIEW
ped	27	7b810df7-6ed0-4027-b2fe-72c64e9ca1dc	iGeladi idei mijo naigi naGajo	A minha casa fica naquela rua suja dela	114	SENT-114: se ruka nhaã kiá sapé upé	SENT-114: a minha casa é naquela suja rua dela	0.826667	0.777778	0.814444	114	a minha casa é naquela suja rua dela	0.814444	YES	DERIVED_VARIANT	COPULA	SAME_PROPOSITION	HIGH	Mesmo quadro nominal/locativo; 'é naquela rua...' > 'fica naquela rua...'.	TO_REVIEW
ped	28	ee1a1190-7803-404c-83f6-49d3ccf63b0d	Eyodi dowediteloco nawodigijedi micoataGa daGa me lionigipi	meu pai cuida da plantação de flores como filhas							46	a comida da Maria não é deliciosa	0.405556	NO	INDEPENDENT_ORIGIN			HIGH	No defensible GrammYEP antecedent for father caring for a flower plantation as daughters.	TO_REVIEW
ped	29	4bdb4b8f-0176-4303-8a13-e313fbb6d7ad	Eyodi me niganaGacanajo	Meu pai que era cantor							102	aquela minha canoa está no rio	0.375000	NO	INDEPENDENT_ORIGIN			HIGH	No GrammYEP antecedent for “Meu pai que era cantor”.	TO_REVIEW
ped	30	7b806584-75e5-4017-b9e2-ba97458903bd	Eyodi ane niganaGacanajo	Meu pai que era cantor (explicativa)							32	aquela comida é muito cara	0.338710	NO	INDEPENDENT_ORIGIN			HIGH	No GrammYEP antecedent for the explanatory-relative father/singer example.	TO_REVIEW
ped	31	845b9d1d-ad7c-445a-bfbd-04fd9255ffc2	Eyodi daGa niganaGacanajo	Meu pai se fosse cantor							86	este retrato dos ovos está bonito	0.321429	NO	INDEPENDENT_ORIGIN			HIGH	No GrammYEP antecedent for the conditional/counterfactual father/singer example.	TO_REVIEW
ped	32	a4ccc755-a644-4b04-ab1b-698e7acea4cc	iGeladi idei digoida	minha casa está lá	123	SENT-123: se ruka uiku i upé	SENT-123: a minha casa está nele	0.850000	0.500000	0.762500	123	a minha casa está nele	0.762500	NO	DERIVED_VARIANT	LOCATIVE_PRONOUN	SEMANTIC_VARIANT	MEDIUM	Very close to SENT-123 “a minha casa está nele”, replacing the pronominal locative by “lá”; could also reflect the broader locative paradigm.	TO_REVIEW
ped	33	82117289-be52-45d0-886d-a5747eb20ea2	iGeladi ipegitaGagi	Minha casa está perto de você	125	SENT-125: se ruka uiku ne ruaki	SENT-125: a minha casa está perto de ti	0.862069	0.625000	0.802802	125	a minha casa está perto de ti	0.802802	YES	DERIVED_VARIANT	PRONOUN	SAME_PROPOSITION	HIGH	Alternância de forma de 2SG: 'ti' > 'você'.	TO_REVIEW
ped	34	50f93fbc-14fa-48e7-b8ba-22f744109348	iGeladi ipegitegi liGeladi	Minha casa está perto de sua casa	112	SENT-112: se ruka ne ruka ruaki	SENT-112: a minha casa é perto da sua casa	0.861538	0.444444	0.757265	125	a minha casa está perto de ti	0.761089	NO	DERIVED_VARIANT	ARTICLE|COPULA	SAME_PROPOSITION	HIGH	SENT-112 with article omission and é > está.	TO_REVIEW
ped	35	014fefb1-d5e3-48c8-9ac3-9e713a41407f	iGeladi ipegitegi naigi ane napioi	Minha casa está perto desta rua suja (que está suja)	124	SENT-124: se ruka uiku kuá kiá pé ruaki	SENT-124: a minha casa está perto desta suja rua	0.777778	0.700000	0.758333	124	a minha casa está perto desta suja rua	0.758333	NO	DERIVED_VARIANT	ARTICLE|WORD_ORDER|RELATIVE_PARAPHRASE	SAME_PROPOSITION	HIGH	SENT-124 with article omission, adjective order change, and parenthetical relative paraphrase.	TO_REVIEW
ped	36	bb8018ba-76b3-43f2-82ea-78b6009c1f90	iGeladi ipegitegi naigi me napioi	minha casa está perto da rua suja	124	SENT-124: se ruka uiku kuá kiá pé ruaki	SENT-124: a minha casa está perto desta suja rua	0.816901	0.666667	0.779343	124	a minha casa está perto desta suja rua	0.779343	NO	DERIVED_VARIANT	ARTICLE|DEMONSTRATIVE_REDUCTION|WORD_ORDER	SEMANTIC_VARIANT	MEDIUM	Clearly in SENT-124 paradigm but removes demonstrative “esta” and reorders adjective.	TO_REVIEW
ped	37	1da1bf7a-7975-4baf-821b-9df5c75ac297	iGeladi aGipegitegi weiigi	Minha casa não fica perto do rio	115|121	SENT-115: se ruka niti paranã ruaki || SENT-121: se ruka ti paranã ruaki	SENT-115: a minha casa não é perto do rio || SENT-121: a minha casa não é perto do rio	0.888889	0.666667	0.833333	115	a minha casa não é perto do rio	0.833333	YES	DERIVED_VARIANT	ARTICLE|COPULA	SAME_PROPOSITION	MEDIUM	Omissão do artigo e 'é perto' > 'fica perto'; SENT-115 e SENT-121 têm o mesmo equivalente português.	TO_REVIEW
ped	38	46bbf9a8-c650-4e4b-a44f-78bfe6c5d979	ijo Gatodi etijo ida .	O tucano está indo nele.							106	o retrato está bonito	0.514610	NO	INDEPENDENT_ORIGIN			HIGH	No GrammYEP stimulus about a toucan going/being in a locative pronoun.	TO_REVIEW
ped	39	4ffc2f68-0474-488f-a94e-4065f952482a	ijotawece etidi akiidi .	Eles (todos) estão (deitados) no rio.							82	estas pedras estão pesadas	0.414875	NO	INDEPENDENT_ORIGIN			HIGH	No GrammYEP stimulus expresses all of them lying in the river; stone plurality items are only superficial matches.	TO_REVIEW
ped	40	10e550d6-df13-4527-8aee-aa23e3f2fcdd	iGeladi digoida weiigi .	Minha casa é no rio.	118	SENT-118: se ruka paranã upé	SENT-118: a minha casa é no rio	0.950000	0.833333	0.920833	118	a minha casa é no rio	0.920833	YES	DERIVED_VARIANT	ARTICLE	SAME_PROPOSITION	HIGH	Omissão do artigo em 'a minha casa'.	TO_REVIEW
ped	41	874c123b-4c43-4001-bfce-8af4af0e5805	iGeladi idei weiigi .	Minha casa é no rio.	118	SENT-118: se ruka paranã upé	SENT-118: a minha casa é no rio	0.950000	0.833333	0.920833	118	a minha casa é no rio	0.920833	YES	DERIVED_VARIANT	ARTICLE	SAME_PROPOSITION	HIGH	Omissão do artigo em 'a minha casa'; outra realização Kadiwéu.	TO_REVIEW
ped	43	19401990-aa1d-4cf5-bea1-122254c6b77a	lotaGa GanaginaGa libinienaGa .	A palavra de seu (teu) irmão é bonita.	98	SENT-98: ne kiuíra nheenga puranga	SENT-98: a palavra do seu irmão é bonita	0.882353	0.666667	0.828431	98	a palavra do seu irmão é bonita	0.828431	YES	DERIVED_VARIANT	PRONOUN|PREPOSITION	SAME_PROPOSITION	HIGH	Expansão parentética 'seu (teu)' e alternância 'do' > 'de'; mesma predicação.	TO_REVIEW
ped	45	c25b098d-6b0a-4416-a31d-6d7219685a63	João liGeladi napioi .	A casa do João é suja.							131	a casa dela é perto dela	0.493750	NO	INDEPENDENT_ORIGIN			HIGH	No GrammYEP stimulus about João’s house being dirty.	TO_REVIEW
ped	46	4e0112b1-baf1-4a7a-bf9e-88fabbe1edc5	liGeladi João napioi .	A casa do João é suja.							131	a casa dela é perto dela	0.493750	NO	INDEPENDENT_ORIGIN			HIGH	Duplicate Portuguese stimulus; no GrammYEP antecedent for João’s dirty house.	TO_REVIEW
ped	47	ef4d298a-643b-4c08-9bdd-f7c6b63ac9ec	liGeladi ipegitege niweiigi nigotaGa .	A casa dele/dela é perto da cidade da lagoa.	132	SENT-132: suka taua paranã ruaki	SENT-132: a casa dela é perto do rio da cidade	0.734177	0.545455	0.686997	132	a casa dela é perto do rio da cidade	0.686997	NO	DERIVED_VARIANT	LEXICAL|POSSESSION	SEMANTIC_VARIANT	MEDIUM	Strongly follows SENT-132 nested house-near-X-of-Y frame, replacing river with lagoon and generalizing possessor.	TO_REVIEW
ped	48	8b1a9983-4dfd-49e8-9285-92c56c84b652	liGeladi ipegitegi niweiigi nigotaGa .	A casa dele/dela é perto da lagoa da cidade.	132	SENT-132: suka taua paranã ruaki	SENT-132: a casa dela é perto do rio da cidade	0.835443	0.545455	0.762946	132	a casa dela é perto do rio da cidade	0.762946	NO	DERIVED_VARIANT	LEXICAL|POSSESSION	SEMANTIC_VARIANT	HIGH	Very close to SENT-132 nested locative frame, replacing river with lagoon and generalizing possessor.	TO_REVIEW
ped	49	eeb42af3-fe5a-4b7d-97ea-b381ab589860	Niwatece iwaGadi codaa adakake loojedi .	A canoa é pesada e seu preço é barato	11	SENT-11: igara pusé sepiasuíma uiku	SENT-11: a pesada canoa está barata	0.507937	0.300000	0.455952	58	a canoa é perto do rio	0.525809	NO	DERIVED_VARIANT	COORDINATION|COPULA|PARAPHRASE	SAME_PROPOSITION	MEDIUM	Analytic paraphrase of SENT-11: heavy canoe + cheap price, expressed as coordination rather than attributive heavy + cheap predicate.	TO_REVIEW
ped	50	156fa9a4-4323-44f1-9cdc-ef5dc052b428	etee minitaGa	Estou com ele	48	SENT-48: aiku i irũmu	SENT-48: eu estou com ele	0.896552	0.750000	0.859914	48	eu estou com ele	0.859914	YES	DERIVED_VARIANT	SUBJECT_OMISSION	SAME_PROPOSITION	HIGH	Omissão do sujeito expresso 'eu'.	TO_REVIEW
ped	52	d543f155-c01f-4b5e-add1-0533b8ac6e15	jipacaGataGagitiwaji	Estamos perto de vocês.	57	SENT-57: iaiku pe ruaki	SENT-57: nós estamos perto de vocês	0.916667	0.800000	0.887500	57	nós estamos perto de vocês	0.887500	YES	DERIVED_VARIANT	SUBJECT_OMISSION	SAME_PROPOSITION	HIGH	Omissão do sujeito expresso 'nós'.	TO_REVIEW
ped	54	74a76be1-d4b6-42e1-9100-6a436a7fa065	akaami oko jipacaGataGagitiwaji	Estamos perto de vocês.	57	SENT-57: iaiku pe ruaki	SENT-57: nós estamos perto de vocês	0.916667	0.800000	0.887500	57	nós estamos perto de vocês	0.887500	YES	DERIVED_VARIANT	SUBJECT_OMISSION	SAME_PROPOSITION	HIGH	Mesmo estímulo português sem 'nós'; realização Kadiwéu adicional.	TO_REVIEW
ped	55	d3e098e5-4edd-4c24-81cf-78ff4a4d398c	niGidowa waca lotiidi dapikoGo	O leite da vaca está quente	20	SENT-20: kuá kambi saku uiku	SENT-20: este leite está quente	0.734694	0.428571	0.658163	20	este leite está quente	0.658163	NO	DERIVED_VARIANT	POSSESSION|DEMONSTRATIVE_REDUCTION	SEMANTIC_VARIANT	MEDIUM	Develops SENT-20 “este leite está quente”, specifying cow as possessor/source and removing demonstrative.	TO_REVIEW
ped	56	edb3d8e5-d0c3-4ee6-97a8-ecb3afc84ded	IiGeladi midi akiidi	A casa dele/dela é no rio.	118	SENT-118: se ruka paranã upé	SENT-118: a minha casa é no rio	0.652174	0.714286	0.667702	8	a canoa dela é no rio	0.744565	NO	POSSIBLY_RELATED	POSSESSION	SEMANTIC_VARIANT	LOW	Matches the house-in-river frame of SENT-118 but changes “minha” to dele/dela; relation is plausible but may be an independently generated paradigmatic extension.	TO_REVIEW
ped	58	73ceda1b-be14-4e75-9b1e-2a490d7df366	etogo adakake lojedi	A canoa está barata.	11	SENT-11: igara pusé sepiasuíma uiku	SENT-11: a pesada canoa está barata	0.844444	0.800000	0.833333	11	a pesada canoa está barata	0.833333	YES	DERIVED_VARIANT	PREDICATE_REDUCTION	SEMANTIC_VARIANT	HIGH	Remove-se a propriedade 'pesada' de 'a pesada canoa está barata'; preserva-se o núcleo predicativo de preço.	TO_REVIEW
ped	59	bf632295-26f8-4ee6-979f-33f090ef0471	etogoli dakake lojetedi	As canoas (individualmente) são caras (cada uma com um preço caro)							75	as filhas da mulher estão comigo	0.291135	NO	INDEPENDENT_ORIGIN			HIGH	No GrammYEP stimulus for plural canoes interpreted distributively as expensive.	TO_REVIEW
ped	60	bbd6b80b-3236-4172-8bd5-ba3fb404049e	etogoli dakake loojedi	as canoas (como classe/grupo) são caras 							44	as filhas da Maria são bonitas	0.397826	NO	INDEPENDENT_ORIGIN			HIGH	No GrammYEP stimulus for plural canoes as a class/group being expensive.	TO_REVIEW
ped	61	1ab7fa26-ed92-4d55-98d0-0d76396373f0	Etogoli iwaGadi adakake lojetedi								1	a casa da Maria não é perto dele	0.000000	NO	INDEPENDENT_ORIGIN			HIGH	No Portuguese stimulus is recorded, so no GrammYEP antecedent can be established from the present evidence.	TO_REVIEW
