source	source_index	uid	kadiweu	kadiweu_portuguese	grammyep_sent_id	nheengatu	grammyep_portuguese	similarity_best	manual_decision	variant_type	meaning_relation	confidence	comment	review_status
hil	44	83fdcd4c-338f-4a9f-8545-da8539e67e9d	NiGidiwa noGojedi lixagotaGaGa adakake loojedi	Estes peixes vermelhos estão baratos .	21|24	SENT-21: kuá pirá-itá piranga sepiasuíma uiku || SENT-24: kuá-itá pirá piranga sepiasuíma uiku	SENT-21: estes vermelhos peixes estão baratos || SENT-24: estes vermelhos peixes estão baratos	0.854167	DERIVED_VARIANT	WORD_ORDER	SAME_PROPOSITION	MEDIUM	Ordem nome/adjetivo alterada; SENT-21 e SENT-24 compartilham o mesmo equivalente português.	TO_REVIEW
hil	53	71aff593-7b38-4c17-9563-4503985dbd03	jipegitege	Estou perto dela .	14|50|64	SENT-14: ixé aiku suaki || SENT-50: aiku suaki || SENT-64: ixé aiku suaki	SENT-14: eu estou perto dela || SENT-50: eu estou perto dela || SENT-64: eu estou perto dela	0.873214	DERIVED_VARIANT	SUBJECT_OMISSION	SAME_PROPOSITION	MEDIUM	Omissão de 'eu'; três SENT-IDs possuem o mesmo equivalente português.	TO_REVIEW
hil	54	f4f18c18-728c-4d6b-b7dd-2df62c4a829a	jipegitege	Estou perto dele .	14|50|64	SENT-14: ixé aiku suaki || SENT-50: aiku suaki || SENT-64: ixé aiku suaki	SENT-14: eu estou perto dela || SENT-50: eu estou perto dela || SENT-64: eu estou perto dela	0.873214	DERIVED_VARIANT	SUBJECT_OMISSION	SAME_PROPOSITION	MEDIUM	Omissão de 'eu'; três SENT-IDs possuem o mesmo equivalente português.	TO_REVIEW
hil	59	dff00f05-7be1-4d62-b3ed-b8a8870851e9	aidejonaGa midi Godoigi	Não estamos na comunidade.	9|40	SENT-9: iandé ti iaiku tendaua upé || SENT-40: ti iaiku tendaua upé	SENT-9: nós não estamos na comunidade || SENT-40: nós não estamos na comunidade	0.894444	DERIVED_VARIANT	SUBJECT_OMISSION	SAME_PROPOSITION	MEDIUM	Omissão de 'nós'; SENT-9 e SENT-40 têm o mesmo equivalente português.	TO_REVIEW
ped	8	79a6cd4e-b585-437a-9084-1fa077dec3b6	ica liGeladi ipegetege	A casa está perto dela	133	SENT-133: suka uiku suaki	SENT-133: a casa dela está perto dela	0.923469	DERIVED_VARIANT	POSSESSION	SEMANTIC_VARIANT	MEDIUM	O possuidor de 'casa' presente em SENT-133 não é expresso; a relação com o paradigma é forte, mas há redução semântica.	TO_REVIEW
ped	37	1da1bf7a-7975-4baf-821b-9df5c75ac297	iGeladi aGipegitegi weiigi	Minha casa não fica perto do rio	115|121	SENT-115: se ruka niti paranã ruaki || SENT-121: se ruka ti paranã ruaki	SENT-115: a minha casa não é perto do rio || SENT-121: a minha casa não é perto do rio	0.833333	DERIVED_VARIANT	ARTICLE|COPULA	SAME_PROPOSITION	MEDIUM	Omissão do artigo e 'é perto' > 'fica perto'; SENT-115 e SENT-121 têm o mesmo equivalente português.	TO_REVIEW
van	47	fad6e8d3-1e9f-451c-aaa7-fd28aecfd967	idiwa noGojedi lixagotaGaGa adakake loojedi	estes peixes vermelhos estão baratos	21|24	SENT-21: kuá pirá-itá piranga sepiasuíma uiku || SENT-24: kuá-itá pirá piranga sepiasuíma uiku	SENT-21: estes vermelhos peixes estão baratos || SENT-24: estes vermelhos peixes estão baratos	0.854167	DERIVED_VARIANT	WORD_ORDER	SAME_PROPOSITION	MEDIUM	Ordem nome/adjetivo alterada. SENT-21 e SENT-24 têm o mesmo equivalente português; o português sozinho não desambigua o antecedente.	TO_REVIEW
van	59	6852927c-53de-411d-9ed9-e0f9d78309cd	ee jigipegitege	estou perto dela	14|50|64	SENT-14: ixé aiku suaki || SENT-50: aiku suaki || SENT-64: ixé aiku suaki	SENT-14: eu estou perto dela || SENT-50: eu estou perto dela || SENT-64: eu estou perto dela	0.873214	DERIVED_VARIANT	SUBJECT_OMISSION	SAME_PROPOSITION	MEDIUM	Omissão de 'eu'. Três SENT-IDs têm o mesmo equivalente português, impedindo desambiguação segura.	TO_REVIEW
van	60	2b6a6bee-392e-49f9-97a9-0afbb0af2eff	ee jigipegitegi	estou perto dele	14|50|64	SENT-14: ixé aiku suaki || SENT-50: aiku suaki || SENT-64: ixé aiku suaki	SENT-14: eu estou perto dela || SENT-50: eu estou perto dela || SENT-64: eu estou perto dela	0.873214	DERIVED_VARIANT	SUBJECT_OMISSION	SAME_PROPOSITION	MEDIUM	Omissão de 'eu'. Três SENT-IDs têm o mesmo equivalente português, impedindo desambiguação segura.	TO_REVIEW
van	66	fbae0277-3aad-4812-9229-94179b5a97a0	aGidejonaGa midi Godoigi	não estamos na comunidade	9|40	SENT-9: iandé ti iaiku tendaua upé || SENT-40: ti iaiku tendaua upé	SENT-9: nós não estamos na comunidade || SENT-40: nós não estamos na comunidade	0.894444	DERIVED_VARIANT	SUBJECT_OMISSION	SAME_PROPOSITION	MEDIUM	Omissão de 'nós'. SENT-9 e SENT-40 têm o mesmo equivalente português.	TO_REVIEW
