measure	value
grammyep_base_sentences	243
grammyep_portuguese_equivalents_total	571
grammyep_portuguese_equivalents_unique_normalized	322
grammyep_ambiguous_normalized_equivalents	59
kadiweu_records_total	206
van_records	75
van_exact_or_normalized_records	50
van_editorial_normalized_records	6
van_covered_grammyep_sentences	64
hil_records	70
hil_exact_or_normalized_records	53
hil_editorial_normalized_records	1
hil_covered_grammyep_sentences	66
ped_records	61
ped_exact_or_normalized_records	12
ped_editorial_normalized_records	14
ped_covered_grammyep_sentences	25
kadiweu_exact_or_normalized_records	115
kadiweu_editorial_normalized_exact_records	6
kadiweu_editorial_normalized_similar_records	15
kadiweu_editorial_normalized_records	21
kadiweu_records_with_slash	18
kadiweu_records_with_parenthetical	16
kadiweu_records_with_diagnostic_form	32
kadiweu_records_with_variant_candidate	37
kadiweu_related_records_total	173
kadiweu_related_records_percentage	83.98
covered_grammyep_sentences_union	86
van_hil_covered_intersection	59
variant_candidate_rows	94
no_portuguese_records	1
