source	source_index	uid	status	kadiweu	kadiweu_portuguese	rank	grammyep_sent_id	nheengatu	grammyep_portuguese	combined_score	char_score	token_jaccard	manual_decision	manual_comment	gf_tree_count	gf_abstract_trees	gf_trees_by_sent_id	gf_alignment_status
van	1	a7e338a1-5403-40d4-b169-c840cf193aae	DONE	iGeladi digoida weiigi	Minha casa é no rio	1	190	se ruka paranã upé	a minha casa é no rio	0.920833	0.950000	0.833333			2	Pred Yes (mkItemNonDeitic (TheSG (mkKind_ (Poss_ My House)))) (IndLevelState (mkPropLoc (In (mkItemNonDeitic (TheSG (mkKind River)))))) || Pred Yes (mkItemNonDeitic (TheSG (mkKind_ (Poss_ My House)))) (IndLevelState (mkPropLoc (On (mkItemNonDeitic (TheSG (mkKind River))))))	SENT-190::Pred Yes (mkItemNonDeitic (TheSG (mkKind_ (Poss_ My House)))) (IndLevelState (mkPropLoc (In (mkItemNonDeitic (TheSG (mkKind River)))))) || SENT-190::Pred Yes (mkItemNonDeitic (TheSG (mkKind_ (Poss_ My House)))) (IndLevelState (mkPropLoc (On (mkItemNonDeitic (TheSG (mkKind River))))))	MATCHED
van	1	a7e338a1-5403-40d4-b169-c840cf193aae	DONE	iGeladi digoida weiigi	Minha casa é no rio	2	188	se ruka niti paranã upé	a minha casa não é no rio	0.826299	0.863636	0.714286			2	Pred No (mkItemNonDeitic (TheSG (mkKind_ (Poss_ My House)))) (IndLevelState (mkPropLoc (In (mkItemNonDeitic (TheSG (mkKind River)))))) || Pred No (mkItemNonDeitic (TheSG (mkKind_ (Poss_ My House)))) (IndLevelState (mkPropLoc (On (mkItemNonDeitic (TheSG (mkKind River))))))	SENT-188::Pred No (mkItemNonDeitic (TheSG (mkKind_ (Poss_ My House)))) (IndLevelState (mkPropLoc (In (mkItemNonDeitic (TheSG (mkKind River)))))) || SENT-188::Pred No (mkItemNonDeitic (TheSG (mkKind_ (Poss_ My House)))) (IndLevelState (mkPropLoc (On (mkItemNonDeitic (TheSG (mkKind River))))))	MATCHED
van	1	a7e338a1-5403-40d4-b169-c840cf193aae	DONE	iGeladi digoida weiigi	Minha casa é no rio	3	196	se ruka ti paranã upé	a minha casa não é no rio	0.826299	0.863636	0.714286			2	Pred No (mkItemNonDeitic (TheSG (mkKind_ (Poss_ My House)))) (IndLevelState (mkPropLoc (In (mkItemNonDeitic (TheSG (mkKind River)))))) || Pred No (mkItemNonDeitic (TheSG (mkKind_ (Poss_ My House)))) (IndLevelState (mkPropLoc (On (mkItemNonDeitic (TheSG (mkKind River))))))	SENT-196::Pred No (mkItemNonDeitic (TheSG (mkKind_ (Poss_ My House)))) (IndLevelState (mkPropLoc (In (mkItemNonDeitic (TheSG (mkKind River)))))) || SENT-196::Pred No (mkItemNonDeitic (TheSG (mkKind_ (Poss_ My House)))) (IndLevelState (mkPropLoc (On (mkItemNonDeitic (TheSG (mkKind River))))))	MATCHED
van	2	d07f0db7-963e-47ab-ab3f-36614732bacd	DONE	iGeladi idei weiigi	Minha casa é no rio	1	190	se ruka paranã upé	a minha casa é no rio	0.920833	0.950000	0.833333			2	Pred Yes (mkItemNonDeitic (TheSG (mkKind_ (Poss_ My House)))) (IndLevelState (mkPropLoc (In (mkItemNonDeitic (TheSG (mkKind River)))))) || Pred Yes (mkItemNonDeitic (TheSG (mkKind_ (Poss_ My House)))) (IndLevelState (mkPropLoc (On (mkItemNonDeitic (TheSG (mkKind River))))))	SENT-190::Pred Yes (mkItemNonDeitic (TheSG (mkKind_ (Poss_ My House)))) (IndLevelState (mkPropLoc (In (mkItemNonDeitic (TheSG (mkKind River)))))) || SENT-190::Pred Yes (mkItemNonDeitic (TheSG (mkKind_ (Poss_ My House)))) (IndLevelState (mkPropLoc (On (mkItemNonDeitic (TheSG (mkKind River))))))	MATCHED
van	2	d07f0db7-963e-47ab-ab3f-36614732bacd	DONE	iGeladi idei weiigi	Minha casa é no rio	2	188	se ruka niti paranã upé	a minha casa não é no rio	0.826299	0.863636	0.714286			2	Pred No (mkItemNonDeitic (TheSG (mkKind_ (Poss_ My House)))) (IndLevelState (mkPropLoc (In (mkItemNonDeitic (TheSG (mkKind River)))))) || Pred No (mkItemNonDeitic (TheSG (mkKind_ (Poss_ My House)))) (IndLevelState (mkPropLoc (On (mkItemNonDeitic (TheSG (mkKind River))))))	SENT-188::Pred No (mkItemNonDeitic (TheSG (mkKind_ (Poss_ My House)))) (IndLevelState (mkPropLoc (In (mkItemNonDeitic (TheSG (mkKind River)))))) || SENT-188::Pred No (mkItemNonDeitic (TheSG (mkKind_ (Poss_ My House)))) (IndLevelState (mkPropLoc (On (mkItemNonDeitic (TheSG (mkKind River))))))	MATCHED
van	2	d07f0db7-963e-47ab-ab3f-36614732bacd	DONE	iGeladi idei weiigi	Minha casa é no rio	3	196	se ruka ti paranã upé	a minha casa não é no rio	0.826299	0.863636	0.714286			2	Pred No (mkItemNonDeitic (TheSG (mkKind_ (Poss_ My House)))) (IndLevelState (mkPropLoc (In (mkItemNonDeitic (TheSG (mkKind River)))))) || Pred No (mkItemNonDeitic (TheSG (mkKind_ (Poss_ My House)))) (IndLevelState (mkPropLoc (On (mkItemNonDeitic (TheSG (mkKind River))))))	SENT-196::Pred No (mkItemNonDeitic (TheSG (mkKind_ (Poss_ My House)))) (IndLevelState (mkPropLoc (In (mkItemNonDeitic (TheSG (mkKind River)))))) || SENT-196::Pred No (mkItemNonDeitic (TheSG (mkKind_ (Poss_ My House)))) (IndLevelState (mkPropLoc (On (mkItemNonDeitic (TheSG (mkKind River))))))	MATCHED
van	3	f50b632e-fc1a-4ec0-b8b3-610dab7be736	DONE	iGeladi ideaGi weiigi	Minha casa é no rio	1	190	se ruka paranã upé	a minha casa é no rio	0.920833	0.950000	0.833333			2	Pred Yes (mkItemNonDeitic (TheSG (mkKind_ (Poss_ My House)))) (IndLevelState (mkPropLoc (In (mkItemNonDeitic (TheSG (mkKind River)))))) || Pred Yes (mkItemNonDeitic (TheSG (mkKind_ (Poss_ My House)))) (IndLevelState (mkPropLoc (On (mkItemNonDeitic (TheSG (mkKind River))))))	SENT-190::Pred Yes (mkItemNonDeitic (TheSG (mkKind_ (Poss_ My House)))) (IndLevelState (mkPropLoc (In (mkItemNonDeitic (TheSG (mkKind River)))))) || SENT-190::Pred Yes (mkItemNonDeitic (TheSG (mkKind_ (Poss_ My House)))) (IndLevelState (mkPropLoc (On (mkItemNonDeitic (TheSG (mkKind River))))))	MATCHED
van	3	f50b632e-fc1a-4ec0-b8b3-610dab7be736	DONE	iGeladi ideaGi weiigi	Minha casa é no rio	2	188	se ruka niti paranã upé	a minha casa não é no rio	0.826299	0.863636	0.714286			2	Pred No (mkItemNonDeitic (TheSG (mkKind_ (Poss_ My House)))) (IndLevelState (mkPropLoc (In (mkItemNonDeitic (TheSG (mkKind River)))))) || Pred No (mkItemNonDeitic (TheSG (mkKind_ (Poss_ My House)))) (IndLevelState (mkPropLoc (On (mkItemNonDeitic (TheSG (mkKind River))))))	SENT-188::Pred No (mkItemNonDeitic (TheSG (mkKind_ (Poss_ My House)))) (IndLevelState (mkPropLoc (In (mkItemNonDeitic (TheSG (mkKind River)))))) || SENT-188::Pred No (mkItemNonDeitic (TheSG (mkKind_ (Poss_ My House)))) (IndLevelState (mkPropLoc (On (mkItemNonDeitic (TheSG (mkKind River))))))	MATCHED
van	3	f50b632e-fc1a-4ec0-b8b3-610dab7be736	DONE	iGeladi ideaGi weiigi	Minha casa é no rio	3	196	se ruka ti paranã upé	a minha casa não é no rio	0.826299	0.863636	0.714286			2	Pred No (mkItemNonDeitic (TheSG (mkKind_ (Poss_ My House)))) (IndLevelState (mkPropLoc (In (mkItemNonDeitic (TheSG (mkKind River)))))) || Pred No (mkItemNonDeitic (TheSG (mkKind_ (Poss_ My House)))) (IndLevelState (mkPropLoc (On (mkItemNonDeitic (TheSG (mkKind River))))))	SENT-196::Pred No (mkItemNonDeitic (TheSG (mkKind_ (Poss_ My House)))) (IndLevelState (mkPropLoc (In (mkItemNonDeitic (TheSG (mkKind River)))))) || SENT-196::Pred No (mkItemNonDeitic (TheSG (mkKind_ (Poss_ My House)))) (IndLevelState (mkPropLoc (On (mkItemNonDeitic (TheSG (mkKind River))))))	MATCHED
van	6	3e518fdb-d852-41e5-87a4-f8778597c2a1	DONE	lotaGa GanaaginaGa libinienaGa	a palavra de seu irmão é bonita	1	130	ne kiuíra nheenga puranga	a palavra do seu irmão é bonita	0.913306	0.967742	0.750000			2	Pred Yes (Poss (mkPsor_ SG (Poss_ YourSG Brother_Of_Woman)) (TheSG (mkKind Language))) (IndLevelState (mkPropQual Beautiful)) || Pred Yes (Poss (mkPsor_ SG (Poss_ YourSG Brother_Of_Woman)) (TheSG (mkKind Word))) (IndLevelState (mkPropQual Beautiful))	SENT-130::Pred Yes (Poss (mkPsor_ SG (Poss_ YourSG Brother_Of_Woman)) (TheSG (mkKind Language))) (IndLevelState (mkPropQual Beautiful)) || SENT-130::Pred Yes (Poss (mkPsor_ SG (Poss_ YourSG Brother_Of_Woman)) (TheSG (mkKind Word))) (IndLevelState (mkPropQual Beautiful))	MATCHED
van	6	3e518fdb-d852-41e5-87a4-f8778597c2a1	DONE	lotaGa GanaaginaGa libinienaGa	a palavra de seu irmão é bonita	2	128	ne kiuíra aintá nheenga puranga	a delea palavra do seu irmão é bonita	0.828431	0.882353	0.666667			2	Pred Yes (Poss (mkPsor_ SG (Poss_ YourSG Brother_Of_Woman)) (TheSG (mkKind_ (Poss_ Their Language)))) (IndLevelState (mkPropQual Beautiful)) || Pred Yes (Poss (mkPsor_ SG (Poss_ YourSG Brother_Of_Woman)) (TheSG (mkKind_ (Poss_ Their Word)))) (IndLevelState (mkPropQual Beautiful))	SENT-128::Pred Yes (Poss (mkPsor_ SG (Poss_ YourSG Brother_Of_Woman)) (TheSG (mkKind_ (Poss_ Their Language)))) (IndLevelState (mkPropQual Beautiful)) || SENT-128::Pred Yes (Poss (mkPsor_ SG (Poss_ YourSG Brother_Of_Woman)) (TheSG (mkKind_ (Poss_ Their Word)))) (IndLevelState (mkPropQual Beautiful))	MATCHED
van	6	3e518fdb-d852-41e5-87a4-f8778597c2a1	DONE	lotaGa GanaaginaGa libinienaGa	a palavra de seu irmão é bonita	3	132	ne kiuíra ta nheenga puranga	a delea palavra do seu irmão é bonita	0.828431	0.882353	0.666667			2	Pred Yes (Poss (mkPsor_ SG (Poss_ YourSG Brother_Of_Woman)) (TheSG (mkKind_ (Poss_ Their Language)))) (IndLevelState (mkPropQual Beautiful)) || Pred Yes (Poss (mkPsor_ SG (Poss_ YourSG Brother_Of_Woman)) (TheSG (mkKind_ (Poss_ Their Word)))) (IndLevelState (mkPropQual Beautiful))	SENT-132::Pred Yes (Poss (mkPsor_ SG (Poss_ YourSG Brother_Of_Woman)) (TheSG (mkKind_ (Poss_ Their Language)))) (IndLevelState (mkPropQual Beautiful)) || SENT-132::Pred Yes (Poss (mkPsor_ SG (Poss_ YourSG Brother_Of_Woman)) (TheSG (mkKind_ (Poss_ Their Word)))) (IndLevelState (mkPropQual Beautiful))	MATCHED
van	6	3e518fdb-d852-41e5-87a4-f8778597c2a1	DONE	lotaGa GanaaginaGa libinienaGa	a palavra de seu irmão é bonita	4	131	ne kiuíra nheenga puranga uiku	a palavra do seu irmão está bonita	0.808120	0.892308	0.555556			2	Pred Yes (Poss (mkPsor_ SG (Poss_ YourSG Brother_Of_Woman)) (TheSG (mkKind Language))) (StageLevelState (mkPropQual Beautiful)) || Pred Yes (Poss (mkPsor_ SG (Poss_ YourSG Brother_Of_Woman)) (TheSG (mkKind Word))) (StageLevelState (mkPropQual Beautiful))	SENT-131::Pred Yes (Poss (mkPsor_ SG (Poss_ YourSG Brother_Of_Woman)) (TheSG (mkKind Language))) (StageLevelState (mkPropQual Beautiful)) || SENT-131::Pred Yes (Poss (mkPsor_ SG (Poss_ YourSG Brother_Of_Woman)) (TheSG (mkKind Word))) (StageLevelState (mkPropQual Beautiful))	MATCHED
van	27	3aba0004-0ce2-4392-a334-ef814428ec0d	DONE	ijo libinienigi	ele está / é bonito	1	21	aé puranga uiku	ele está bonito	0.849265	0.882353	0.750000			3	Pred Yes (mkItemDeitic He) (StageLevelState (mkPropQual Beautiful)) || Pred Yes (mkItemDeitic It) (StageLevelState (mkPropQual Beautiful)) || Pred Yes (mkItemDeitic She) (StageLevelState (mkPropQual Beautiful))	SENT-21::Pred Yes (mkItemDeitic He) (StageLevelState (mkPropQual Beautiful)) || SENT-21::Pred Yes (mkItemDeitic It) (StageLevelState (mkPropQual Beautiful)) || SENT-21::Pred Yes (mkItemDeitic She) (StageLevelState (mkPropQual Beautiful))	MATCHED
van	47	fad6e8d3-1e9f-451c-aaa7-fd28aecfd967	DONE	idiwa noGojedi lixagotaGaGa adakake loojedi	estes peixes vermelhos estão baratos	1	103	kuá pirá-itá piranga sepiasuíma uiku	estes vermelhos peixes estão baratos	0.854167	0.805556	1.000000			1	Pred Yes (mkItemNonDeitic (These (Mod Red (mkKind Fish)))) (StageLevelState (mkPropQual Cheap))	SENT-103::Pred Yes (mkItemNonDeitic (These (Mod Red (mkKind Fish)))) (StageLevelState (mkPropQual Cheap))	MATCHED
van	47	fad6e8d3-1e9f-451c-aaa7-fd28aecfd967	DONE	idiwa noGojedi lixagotaGaGa adakake loojedi	estes peixes vermelhos estão baratos	2	117	kuá-itá piranga pirá sepiasuíma uiku	estes vermelhos peixes estão baratos	0.854167	0.805556	1.000000			1	Pred Yes (mkItemNonDeitic (These (Mod Red (mkKind Fish)))) (StageLevelState (mkPropQual Cheap))	SENT-117::Pred Yes (mkItemNonDeitic (These (Mod Red (mkKind Fish)))) (StageLevelState (mkPropQual Cheap))	MATCHED
van	47	fad6e8d3-1e9f-451c-aaa7-fd28aecfd967	DONE	idiwa noGojedi lixagotaGaGa adakake loojedi	estes peixes vermelhos estão baratos	3	118	kuá-itá pirá piranga sepiasuíma uiku	estes vermelhos peixes estão baratos	0.854167	0.805556	1.000000			1	Pred Yes (mkItemNonDeitic (These (Mod Red (mkKind Fish)))) (StageLevelState (mkPropQual Cheap))	SENT-118::Pred Yes (mkItemNonDeitic (These (Mod Red (mkKind Fish)))) (StageLevelState (mkPropQual Cheap))	MATCHED
van	59	6852927c-53de-411d-9ed9-e0f9d78309cd	DONE	ee jigipegitege	estou perto dela	1	13	aiku suaki	eu estou perto dela	0.873214	0.914286	0.750000			3	Pred Yes (mkItemDeitic I) (StageLevelState (mkPropLoc (Near (mkItemDeitic He)))) || Pred Yes (mkItemDeitic I) (StageLevelState (mkPropLoc (Near (mkItemDeitic It)))) || Pred Yes (mkItemDeitic I) (StageLevelState (mkPropLoc (Near (mkItemDeitic She))))	SENT-13::Pred Yes (mkItemDeitic I) (StageLevelState (mkPropLoc (Near (mkItemDeitic He)))) || SENT-13::Pred Yes (mkItemDeitic I) (StageLevelState (mkPropLoc (Near (mkItemDeitic It)))) || SENT-13::Pred Yes (mkItemDeitic I) (StageLevelState (mkPropLoc (Near (mkItemDeitic She))))	MATCHED
van	59	6852927c-53de-411d-9ed9-e0f9d78309cd	DONE	ee jigipegitege	estou perto dela	2	59	ixé aiku suaki	eu estou perto dela	0.873214	0.914286	0.750000			3	Pred Yes (mkItemDeitic I) (StageLevelState (mkPropLoc (Near (mkItemDeitic He)))) || Pred Yes (mkItemDeitic I) (StageLevelState (mkPropLoc (Near (mkItemDeitic It)))) || Pred Yes (mkItemDeitic I) (StageLevelState (mkPropLoc (Near (mkItemDeitic She))))	SENT-59::Pred Yes (mkItemDeitic I) (StageLevelState (mkPropLoc (Near (mkItemDeitic He)))) || SENT-59::Pred Yes (mkItemDeitic I) (StageLevelState (mkPropLoc (Near (mkItemDeitic It)))) || SENT-59::Pred Yes (mkItemDeitic I) (StageLevelState (mkPropLoc (Near (mkItemDeitic She))))	MATCHED
van	60	2b6a6bee-392e-49f9-97a9-0afbb0af2eff	DONE	ee jigipegitegi	estou perto dele	1	13	aiku suaki	eu estou perto dele	0.873214	0.914286	0.750000			3	Pred Yes (mkItemDeitic I) (StageLevelState (mkPropLoc (Near (mkItemDeitic He)))) || Pred Yes (mkItemDeitic I) (StageLevelState (mkPropLoc (Near (mkItemDeitic It)))) || Pred Yes (mkItemDeitic I) (StageLevelState (mkPropLoc (Near (mkItemDeitic She))))	SENT-13::Pred Yes (mkItemDeitic I) (StageLevelState (mkPropLoc (Near (mkItemDeitic He)))) || SENT-13::Pred Yes (mkItemDeitic I) (StageLevelState (mkPropLoc (Near (mkItemDeitic It)))) || SENT-13::Pred Yes (mkItemDeitic I) (StageLevelState (mkPropLoc (Near (mkItemDeitic She))))	MATCHED
van	60	2b6a6bee-392e-49f9-97a9-0afbb0af2eff	DONE	ee jigipegitegi	estou perto dele	2	59	ixé aiku suaki	eu estou perto dele	0.873214	0.914286	0.750000			3	Pred Yes (mkItemDeitic I) (StageLevelState (mkPropLoc (Near (mkItemDeitic He)))) || Pred Yes (mkItemDeitic I) (StageLevelState (mkPropLoc (Near (mkItemDeitic It)))) || Pred Yes (mkItemDeitic I) (StageLevelState (mkPropLoc (Near (mkItemDeitic She))))	SENT-59::Pred Yes (mkItemDeitic I) (StageLevelState (mkPropLoc (Near (mkItemDeitic He)))) || SENT-59::Pred Yes (mkItemDeitic I) (StageLevelState (mkPropLoc (Near (mkItemDeitic It)))) || SENT-59::Pred Yes (mkItemDeitic I) (StageLevelState (mkPropLoc (Near (mkItemDeitic She))))	MATCHED
van	62	27d94732-46ea-4286-a1d4-b2861806a579	DONE	aGeyo mica inikGigi	não sou muito feliz	1	65	ixé niti se ruri retana	eu não sou muito feliz	0.895122	0.926829	0.800000			1	Pred No (mkItemDeitic I) (IndLevelState (mkPropQual (Very Happy)))	SENT-65::Pred No (mkItemDeitic I) (IndLevelState (mkPropQual (Very Happy)))	MATCHED
van	62	27d94732-46ea-4286-a1d4-b2861806a579	DONE	aGeyo mica inikGigi	não sou muito feliz	2	76	ixé ti se ruri retana	eu não sou muito feliz	0.895122	0.926829	0.800000			1	Pred No (mkItemDeitic I) (IndLevelState (mkPropQual (Very Happy)))	SENT-76::Pred No (mkItemDeitic I) (IndLevelState (mkPropQual (Very Happy)))	MATCHED
van	65	e9b78452-925e-458b-848a-d52ab76f6840	DONE	jipacaGataGagitiwaji	estamos perto de vocês	1	35	iaiku pe ruaki	nós estamos perto de vocês	0.887500	0.916667	0.800000			1	Pred Yes (mkItemDeitic We) (StageLevelState (mkPropLoc (Near (mkItemDeitic YouPL))))	SENT-35::Pred Yes (mkItemDeitic We) (StageLevelState (mkPropLoc (Near (mkItemDeitic YouPL))))	MATCHED
van	65	e9b78452-925e-458b-848a-d52ab76f6840	DONE	jipacaGataGagitiwaji	estamos perto de vocês	2	37	iandé iaiku pe ruaki	nós estamos perto de vocês	0.887500	0.916667	0.800000			1	Pred Yes (mkItemDeitic We) (StageLevelState (mkPropLoc (Near (mkItemDeitic YouPL))))	SENT-37::Pred Yes (mkItemDeitic We) (StageLevelState (mkPropLoc (Near (mkItemDeitic YouPL))))	MATCHED
van	66	fbae0277-3aad-4812-9229-94179b5a97a0	DONE	aGidejonaGa midi Godoigi	não estamos na comunidade	1	40	iandé ti iaiku tendaua upé	nós não estamos na comunidade	0.894444	0.925926	0.800000			2	Pred No (mkItemDeitic We) (StageLevelState (mkPropLoc (In (mkItemNonDeitic (TheSG (mkKind Community)))))) || Pred No (mkItemDeitic We) (StageLevelState (mkPropLoc (On (mkItemNonDeitic (TheSG (mkKind Community))))))	SENT-40::Pred No (mkItemDeitic We) (StageLevelState (mkPropLoc (In (mkItemNonDeitic (TheSG (mkKind Community)))))) || SENT-40::Pred No (mkItemDeitic We) (StageLevelState (mkPropLoc (On (mkItemNonDeitic (TheSG (mkKind Community))))))	MATCHED
van	66	fbae0277-3aad-4812-9229-94179b5a97a0	DONE	aGidejonaGa midi Godoigi	não estamos na comunidade	2	232	ti iaiku tendaua upé	nós não estamos na comunidade	0.894444	0.925926	0.800000			2	Pred No (mkItemDeitic We) (StageLevelState (mkPropLoc (In (mkItemNonDeitic (TheSG (mkKind Community)))))) || Pred No (mkItemDeitic We) (StageLevelState (mkPropLoc (On (mkItemNonDeitic (TheSG (mkKind Community))))))	SENT-232::Pred No (mkItemDeitic We) (StageLevelState (mkPropLoc (In (mkItemNonDeitic (TheSG (mkKind Community)))))) || SENT-232::Pred No (mkItemDeitic We) (StageLevelState (mkPropLoc (On (mkItemNonDeitic (TheSG (mkKind Community))))))	MATCHED
van	72	b97e5b2f-d0da-4238-8ee6-2c64ded91f76	DONE	ijowa leonigipi iwaalo idi metaGa	os filhos da mulher estão com ele	1	80	kunhã mimbira-itá uiku se irũmu	os filhos da mulher estão comigo	0.825481	0.892308	0.625000			2	Pred Yes (Poss (mkPsor SG Woman) (ThePL (mkKind Daughter_Of_Woman))) (StageLevelState (mkPropLoc (With (mkItemDeitic I)))) || Pred Yes (Poss (mkPsor SG Woman) (ThePL (mkKind Son_Of_Woman))) (StageLevelState (mkPropLoc (With (mkItemDeitic I))))	SENT-80::Pred Yes (Poss (mkPsor SG Woman) (ThePL (mkKind Daughter_Of_Woman))) (StageLevelState (mkPropLoc (With (mkItemDeitic I)))) || SENT-80::Pred Yes (Poss (mkPsor SG Woman) (ThePL (mkKind Son_Of_Woman))) (StageLevelState (mkPropLoc (With (mkItemDeitic I))))	MATCHED
van	72	b97e5b2f-d0da-4238-8ee6-2c64ded91f76	DONE	ijowa leonigipi iwaalo idi metaGa	os filhos da mulher estão com ele	2	84	kunhã raíra-itá uiku se irũmu	os filhos da mulher estão comigo	0.825481	0.892308	0.625000			1	Pred Yes (Poss (mkPsor SG Woman) (ThePL (mkKind Son_Of_Man))) (StageLevelState (mkPropLoc (With (mkItemDeitic I))))	SENT-84::Pred Yes (Poss (mkPsor SG Woman) (ThePL (mkKind Son_Of_Man))) (StageLevelState (mkPropLoc (With (mkItemDeitic I))))	MATCHED
van	72	b97e5b2f-d0da-4238-8ee6-2c64ded91f76	DONE	ijowa leonigipi iwaalo idi metaGa	os filhos da mulher estão com ele	3	142	nhaã kunhã mimbira-itá uiku aintá irũmu	aqueles filhos da mulher estão com eles	0.805556	0.888889	0.555556			2	Pred Yes (Poss (mkPsor SG Woman) (Those (mkKind Daughter_Of_Woman))) (StageLevelState (mkPropLoc (With (mkItemDeitic They)))) || Pred Yes (Poss (mkPsor SG Woman) (Those (mkKind Son_Of_Woman))) (StageLevelState (mkPropLoc (With (mkItemDeitic They))))	SENT-142::Pred Yes (Poss (mkPsor SG Woman) (Those (mkKind Daughter_Of_Woman))) (StageLevelState (mkPropLoc (With (mkItemDeitic They)))) || SENT-142::Pred Yes (Poss (mkPsor SG Woman) (Those (mkKind Son_Of_Woman))) (StageLevelState (mkPropLoc (With (mkItemDeitic They))))	MATCHED
van	72	b97e5b2f-d0da-4238-8ee6-2c64ded91f76	DONE	ijowa leonigipi iwaalo idi metaGa	os filhos da mulher estão com ele	4	153	nhaã-itá kunhã mimbira uiku aintá irũmu	aqueles filhos da mulher estão com eles	0.805556	0.888889	0.555556			2	Pred Yes (Poss (mkPsor SG Woman) (Those (mkKind Daughter_Of_Woman))) (StageLevelState (mkPropLoc (With (mkItemDeitic They)))) || Pred Yes (Poss (mkPsor SG Woman) (Those (mkKind Son_Of_Woman))) (StageLevelState (mkPropLoc (With (mkItemDeitic They))))	SENT-153::Pred Yes (Poss (mkPsor SG Woman) (Those (mkKind Daughter_Of_Woman))) (StageLevelState (mkPropLoc (With (mkItemDeitic They)))) || SENT-153::Pred Yes (Poss (mkPsor SG Woman) (Those (mkKind Son_Of_Woman))) (StageLevelState (mkPropLoc (With (mkItemDeitic They))))	MATCHED
van	72	b97e5b2f-d0da-4238-8ee6-2c64ded91f76	DONE	ijowa leonigipi iwaalo idi metaGa	os filhos da mulher estão com ele	5	155	nhaã-itá kunhã raíra uiku aintá irũmu	aqueles filhos da mulher estão com eles	0.805556	0.888889	0.555556			1	Pred Yes (Poss (mkPsor SG Woman) (Those (mkKind Son_Of_Man))) (StageLevelState (mkPropLoc (With (mkItemDeitic They))))	SENT-155::Pred Yes (Poss (mkPsor SG Woman) (Those (mkKind Son_Of_Man))) (StageLevelState (mkPropLoc (With (mkItemDeitic They))))	MATCHED
van	73	c1b350df-ed1a-4e3b-89a8-a6fa9ca8382e	DONE	ligeladi ipegitege niweiigi nigotaGa	a casa dela é perto da cidade do rio	1	220	suka taua paranã ruaki	a casa dela é perto do rio da cidade	0.854167	0.805556	1.000000			6	Pred Yes (Poss (mkPsor_ SG (Poss_ Her House)) (TheSG (mkKind City))) (IndLevelState (mkPropLoc (Near (mkItemNonDeitic (TheSG (mkKind River)))))) || Pred Yes (Poss (mkPsor_ SG (Poss_ His House)) (TheSG (mkKind City))) (IndLevelState (mkPropLoc (Near (mkItemNonDeitic (TheSG (mkKind River)))))) || Pred Yes (Poss (mkPsor_ SG (Poss_ Its House)) (TheSG (mkKind City))) (IndLevelState (mkPropLoc (Near (mkItemNonDeitic (TheSG (mkKind River)))))) || Pred Yes (mkItemNonDeitic (TheSG (mkKind_ (Poss_ Her House)))) (IndLevelState (mkPropLoc (Near (Poss (mkPsor SG City) (TheSG (mkKind River)))))) || Pred Yes (mkItemNonDeitic (TheSG (mkKind_ (Poss_ His House)))) (IndLevelState (mkPropLoc (Near (Poss (mkPsor SG City) (TheSG (mkKind River)))))) || Pred Yes (mkItemNonDeitic (TheSG (mkKind_ (Poss_ Its House)))) (IndLevelState (mkPropLoc (Near (Poss (mkPsor SG City) (TheSG (mkKind River))))))	SENT-220::Pred Yes (Poss (mkPsor_ SG (Poss_ Her House)) (TheSG (mkKind City))) (IndLevelState (mkPropLoc (Near (mkItemNonDeitic (TheSG (mkKind River)))))) || SENT-220::Pred Yes (Poss (mkPsor_ SG (Poss_ His House)) (TheSG (mkKind City))) (IndLevelState (mkPropLoc (Near (mkItemNonDeitic (TheSG (mkKind River)))))) || SENT-220::Pred Yes (Poss (mkPsor_ SG (Poss_ Its House)) (TheSG (mkKind City))) (IndLevelState (mkPropLoc (Near (mkItemNonDeitic (TheSG (mkKind River)))))) || SENT-220::Pred Yes (mkItemNonDeitic (TheSG (mkKind_ (Poss_ Her House)))) (IndLevelState (mkPropLoc (Near (Poss (mkPsor SG City) (TheSG (mkKind River)))))) || SENT-220::Pred Yes (mkItemNonDeitic (TheSG (mkKind_ (Poss_ His House)))) (IndLevelState (mkPropLoc (Near (Poss (mkPsor SG City) (TheSG (mkKind River)))))) || SENT-220::Pred Yes (mkItemNonDeitic (TheSG (mkKind_ (Poss_ Its House)))) (IndLevelState (mkPropLoc (Near (Poss (mkPsor SG City) (TheSG (mkKind River))))))	MATCHED
hil	3	39f34955-a828-47d7-808d-b3b3565b42d6	DONE	LotaGa Ganioxoa libinienaGa	A palavra de seu irmão é bonita .	1	130	ne kiuíra nheenga puranga	a palavra do seu irmão é bonita	0.913306	0.967742	0.750000			2	Pred Yes (Poss (mkPsor_ SG (Poss_ YourSG Brother_Of_Woman)) (TheSG (mkKind Language))) (IndLevelState (mkPropQual Beautiful)) || Pred Yes (Poss (mkPsor_ SG (Poss_ YourSG Brother_Of_Woman)) (TheSG (mkKind Word))) (IndLevelState (mkPropQual Beautiful))	SENT-130::Pred Yes (Poss (mkPsor_ SG (Poss_ YourSG Brother_Of_Woman)) (TheSG (mkKind Language))) (IndLevelState (mkPropQual Beautiful)) || SENT-130::Pred Yes (Poss (mkPsor_ SG (Poss_ YourSG Brother_Of_Woman)) (TheSG (mkKind Word))) (IndLevelState (mkPropQual Beautiful))	MATCHED
hil	3	39f34955-a828-47d7-808d-b3b3565b42d6	DONE	LotaGa Ganioxoa libinienaGa	A palavra de seu irmão é bonita .	2	128	ne kiuíra aintá nheenga puranga	a delea palavra do seu irmão é bonita	0.828431	0.882353	0.666667			2	Pred Yes (Poss (mkPsor_ SG (Poss_ YourSG Brother_Of_Woman)) (TheSG (mkKind_ (Poss_ Their Language)))) (IndLevelState (mkPropQual Beautiful)) || Pred Yes (Poss (mkPsor_ SG (Poss_ YourSG Brother_Of_Woman)) (TheSG (mkKind_ (Poss_ Their Word)))) (IndLevelState (mkPropQual Beautiful))	SENT-128::Pred Yes (Poss (mkPsor_ SG (Poss_ YourSG Brother_Of_Woman)) (TheSG (mkKind_ (Poss_ Their Language)))) (IndLevelState (mkPropQual Beautiful)) || SENT-128::Pred Yes (Poss (mkPsor_ SG (Poss_ YourSG Brother_Of_Woman)) (TheSG (mkKind_ (Poss_ Their Word)))) (IndLevelState (mkPropQual Beautiful))	MATCHED
hil	3	39f34955-a828-47d7-808d-b3b3565b42d6	DONE	LotaGa Ganioxoa libinienaGa	A palavra de seu irmão é bonita .	3	132	ne kiuíra ta nheenga puranga	a delea palavra do seu irmão é bonita	0.828431	0.882353	0.666667			2	Pred Yes (Poss (mkPsor_ SG (Poss_ YourSG Brother_Of_Woman)) (TheSG (mkKind_ (Poss_ Their Language)))) (IndLevelState (mkPropQual Beautiful)) || Pred Yes (Poss (mkPsor_ SG (Poss_ YourSG Brother_Of_Woman)) (TheSG (mkKind_ (Poss_ Their Word)))) (IndLevelState (mkPropQual Beautiful))	SENT-132::Pred Yes (Poss (mkPsor_ SG (Poss_ YourSG Brother_Of_Woman)) (TheSG (mkKind_ (Poss_ Their Language)))) (IndLevelState (mkPropQual Beautiful)) || SENT-132::Pred Yes (Poss (mkPsor_ SG (Poss_ YourSG Brother_Of_Woman)) (TheSG (mkKind_ (Poss_ Their Word)))) (IndLevelState (mkPropQual Beautiful))	MATCHED
hil	3	39f34955-a828-47d7-808d-b3b3565b42d6	DONE	LotaGa Ganioxoa libinienaGa	A palavra de seu irmão é bonita .	4	131	ne kiuíra nheenga puranga uiku	a palavra do seu irmão está bonita	0.808120	0.892308	0.555556			2	Pred Yes (Poss (mkPsor_ SG (Poss_ YourSG Brother_Of_Woman)) (TheSG (mkKind Language))) (StageLevelState (mkPropQual Beautiful)) || Pred Yes (Poss (mkPsor_ SG (Poss_ YourSG Brother_Of_Woman)) (TheSG (mkKind Word))) (StageLevelState (mkPropQual Beautiful))	SENT-131::Pred Yes (Poss (mkPsor_ SG (Poss_ YourSG Brother_Of_Woman)) (TheSG (mkKind Language))) (StageLevelState (mkPropQual Beautiful)) || SENT-131::Pred Yes (Poss (mkPsor_ SG (Poss_ YourSG Brother_Of_Woman)) (TheSG (mkKind Word))) (StageLevelState (mkPropQual Beautiful))	MATCHED
hil	6	1d10c633-e74d-4e27-ac23-6b6b2dde9647	DONE	Etogo ane iwaGadi adakake loojedi	A canoa pesada é barata .	1	172	pusé igara sepiasuíma	a pesada canoa é barata	0.804348	0.739130	1.000000			1	Pred Yes (mkItemNonDeitic (TheSG (Mod Heavy (mkKind Canoe)))) (IndLevelState (mkPropQual Cheap))	SENT-172::Pred Yes (mkItemNonDeitic (TheSG (Mod Heavy (mkKind Canoe)))) (IndLevelState (mkPropQual Cheap))	MATCHED
hil	22	b9d77060-3ac9-4305-ba86-2723cc7cb70a	DONE	Ada iwaGadi	Ela está é pesada.	1	19	aé i pusé uiku	ela está pesada	0.890625	0.937500	0.750000			3	Pred Yes (mkItemDeitic He) (StageLevelState (mkPropQual Heavy)) || Pred Yes (mkItemDeitic It) (StageLevelState (mkPropQual Heavy)) || Pred Yes (mkItemDeitic She) (StageLevelState (mkPropQual Heavy))	SENT-19::Pred Yes (mkItemDeitic He) (StageLevelState (mkPropQual Heavy)) || SENT-19::Pred Yes (mkItemDeitic It) (StageLevelState (mkPropQual Heavy)) || SENT-19::Pred Yes (mkItemDeitic She) (StageLevelState (mkPropQual Heavy))	MATCHED
hil	22	b9d77060-3ac9-4305-ba86-2723cc7cb70a	DONE	Ada iwaGadi	Ela está é pesada.	2	34	i pusé uiku	ela está pesada	0.890625	0.937500	0.750000			3	Pred Yes (mkItemDeitic He) (StageLevelState (mkPropQual Heavy)) || Pred Yes (mkItemDeitic It) (StageLevelState (mkPropQual Heavy)) || Pred Yes (mkItemDeitic She) (StageLevelState (mkPropQual Heavy))	SENT-34::Pred Yes (mkItemDeitic He) (StageLevelState (mkPropQual Heavy)) || SENT-34::Pred Yes (mkItemDeitic It) (StageLevelState (mkPropQual Heavy)) || SENT-34::Pred Yes (mkItemDeitic She) (StageLevelState (mkPropQual Heavy))	MATCHED
hil	22	b9d77060-3ac9-4305-ba86-2723cc7cb70a	DONE	Ada iwaGadi	Ela está é pesada.	3	18	aé i pusé	ela é pesada	0.808190	0.827586	0.750000			3	Pred Yes (mkItemDeitic He) (IndLevelState (mkPropQual Heavy)) || Pred Yes (mkItemDeitic It) (IndLevelState (mkPropQual Heavy)) || Pred Yes (mkItemDeitic She) (IndLevelState (mkPropQual Heavy))	SENT-18::Pred Yes (mkItemDeitic He) (IndLevelState (mkPropQual Heavy)) || SENT-18::Pred Yes (mkItemDeitic It) (IndLevelState (mkPropQual Heavy)) || SENT-18::Pred Yes (mkItemDeitic She) (IndLevelState (mkPropQual Heavy))	MATCHED
hil	22	b9d77060-3ac9-4305-ba86-2723cc7cb70a	DONE	Ada iwaGadi	Ela está é pesada.	4	33	i pusé	ela é pesada	0.808190	0.827586	0.750000			3	Pred Yes (mkItemDeitic He) (IndLevelState (mkPropQual Heavy)) || Pred Yes (mkItemDeitic It) (IndLevelState (mkPropQual Heavy)) || Pred Yes (mkItemDeitic She) (IndLevelState (mkPropQual Heavy))	SENT-33::Pred Yes (mkItemDeitic He) (IndLevelState (mkPropQual Heavy)) || SENT-33::Pred Yes (mkItemDeitic It) (IndLevelState (mkPropQual Heavy)) || SENT-33::Pred Yes (mkItemDeitic She) (IndLevelState (mkPropQual Heavy))	MATCHED
hil	23	7521cd51-aa9b-4ff6-8d87-a5ce4ca92b6d	DONE	Ani iwaGadi	Ela está é pesada.	1	19	aé i pusé uiku	ela está pesada	0.890625	0.937500	0.750000			3	Pred Yes (mkItemDeitic He) (StageLevelState (mkPropQual Heavy)) || Pred Yes (mkItemDeitic It) (StageLevelState (mkPropQual Heavy)) || Pred Yes (mkItemDeitic She) (StageLevelState (mkPropQual Heavy))	SENT-19::Pred Yes (mkItemDeitic He) (StageLevelState (mkPropQual Heavy)) || SENT-19::Pred Yes (mkItemDeitic It) (StageLevelState (mkPropQual Heavy)) || SENT-19::Pred Yes (mkItemDeitic She) (StageLevelState (mkPropQual Heavy))	MATCHED
hil	23	7521cd51-aa9b-4ff6-8d87-a5ce4ca92b6d	DONE	Ani iwaGadi	Ela está é pesada.	2	34	i pusé uiku	ela está pesada	0.890625	0.937500	0.750000			3	Pred Yes (mkItemDeitic He) (StageLevelState (mkPropQual Heavy)) || Pred Yes (mkItemDeitic It) (StageLevelState (mkPropQual Heavy)) || Pred Yes (mkItemDeitic She) (StageLevelState (mkPropQual Heavy))	SENT-34::Pred Yes (mkItemDeitic He) (StageLevelState (mkPropQual Heavy)) || SENT-34::Pred Yes (mkItemDeitic It) (StageLevelState (mkPropQual Heavy)) || SENT-34::Pred Yes (mkItemDeitic She) (StageLevelState (mkPropQual Heavy))	MATCHED
hil	23	7521cd51-aa9b-4ff6-8d87-a5ce4ca92b6d	DONE	Ani iwaGadi	Ela está é pesada.	3	18	aé i pusé	ela é pesada	0.808190	0.827586	0.750000			3	Pred Yes (mkItemDeitic He) (IndLevelState (mkPropQual Heavy)) || Pred Yes (mkItemDeitic It) (IndLevelState (mkPropQual Heavy)) || Pred Yes (mkItemDeitic She) (IndLevelState (mkPropQual Heavy))	SENT-18::Pred Yes (mkItemDeitic He) (IndLevelState (mkPropQual Heavy)) || SENT-18::Pred Yes (mkItemDeitic It) (IndLevelState (mkPropQual Heavy)) || SENT-18::Pred Yes (mkItemDeitic She) (IndLevelState (mkPropQual Heavy))	MATCHED
hil	23	7521cd51-aa9b-4ff6-8d87-a5ce4ca92b6d	DONE	Ani iwaGadi	Ela está é pesada.	4	33	i pusé	ela é pesada	0.808190	0.827586	0.750000			3	Pred Yes (mkItemDeitic He) (IndLevelState (mkPropQual Heavy)) || Pred Yes (mkItemDeitic It) (IndLevelState (mkPropQual Heavy)) || Pred Yes (mkItemDeitic She) (IndLevelState (mkPropQual Heavy))	SENT-33::Pred Yes (mkItemDeitic He) (IndLevelState (mkPropQual Heavy)) || SENT-33::Pred Yes (mkItemDeitic It) (IndLevelState (mkPropQual Heavy)) || SENT-33::Pred Yes (mkItemDeitic She) (IndLevelState (mkPropQual Heavy))	MATCHED
hil	24	96687d35-46ae-4338-9398-ff66a3165b61	DONE	Adi iwaGadi	Ela está é pesada.	1	19	aé i pusé uiku	ela está pesada	0.890625	0.937500	0.750000			3	Pred Yes (mkItemDeitic He) (StageLevelState (mkPropQual Heavy)) || Pred Yes (mkItemDeitic It) (StageLevelState (mkPropQual Heavy)) || Pred Yes (mkItemDeitic She) (StageLevelState (mkPropQual Heavy))	SENT-19::Pred Yes (mkItemDeitic He) (StageLevelState (mkPropQual Heavy)) || SENT-19::Pred Yes (mkItemDeitic It) (StageLevelState (mkPropQual Heavy)) || SENT-19::Pred Yes (mkItemDeitic She) (StageLevelState (mkPropQual Heavy))	MATCHED
hil	24	96687d35-46ae-4338-9398-ff66a3165b61	DONE	Adi iwaGadi	Ela está é pesada.	2	34	i pusé uiku	ela está pesada	0.890625	0.937500	0.750000			3	Pred Yes (mkItemDeitic He) (StageLevelState (mkPropQual Heavy)) || Pred Yes (mkItemDeitic It) (StageLevelState (mkPropQual Heavy)) || Pred Yes (mkItemDeitic She) (StageLevelState (mkPropQual Heavy))	SENT-34::Pred Yes (mkItemDeitic He) (StageLevelState (mkPropQual Heavy)) || SENT-34::Pred Yes (mkItemDeitic It) (StageLevelState (mkPropQual Heavy)) || SENT-34::Pred Yes (mkItemDeitic She) (StageLevelState (mkPropQual Heavy))	MATCHED
hil	24	96687d35-46ae-4338-9398-ff66a3165b61	DONE	Adi iwaGadi	Ela está é pesada.	3	18	aé i pusé	ela é pesada	0.808190	0.827586	0.750000			3	Pred Yes (mkItemDeitic He) (IndLevelState (mkPropQual Heavy)) || Pred Yes (mkItemDeitic It) (IndLevelState (mkPropQual Heavy)) || Pred Yes (mkItemDeitic She) (IndLevelState (mkPropQual Heavy))	SENT-18::Pred Yes (mkItemDeitic He) (IndLevelState (mkPropQual Heavy)) || SENT-18::Pred Yes (mkItemDeitic It) (IndLevelState (mkPropQual Heavy)) || SENT-18::Pred Yes (mkItemDeitic She) (IndLevelState (mkPropQual Heavy))	MATCHED
hil	24	96687d35-46ae-4338-9398-ff66a3165b61	DONE	Adi iwaGadi	Ela está é pesada.	4	33	i pusé	ela é pesada	0.808190	0.827586	0.750000			3	Pred Yes (mkItemDeitic He) (IndLevelState (mkPropQual Heavy)) || Pred Yes (mkItemDeitic It) (IndLevelState (mkPropQual Heavy)) || Pred Yes (mkItemDeitic She) (IndLevelState (mkPropQual Heavy))	SENT-33::Pred Yes (mkItemDeitic He) (IndLevelState (mkPropQual Heavy)) || SENT-33::Pred Yes (mkItemDeitic It) (IndLevelState (mkPropQual Heavy)) || SENT-33::Pred Yes (mkItemDeitic She) (IndLevelState (mkPropQual Heavy))	MATCHED
hil	44	83fdcd4c-338f-4a9f-8545-da8539e67e9d	DONE	NiGidiwa noGojedi lixagotaGaGa adakake loojedi	Estes peixes vermelhos estão baratos .	1	103	kuá pirá-itá piranga sepiasuíma uiku	estes vermelhos peixes estão baratos	0.854167	0.805556	1.000000			1	Pred Yes (mkItemNonDeitic (These (Mod Red (mkKind Fish)))) (StageLevelState (mkPropQual Cheap))	SENT-103::Pred Yes (mkItemNonDeitic (These (Mod Red (mkKind Fish)))) (StageLevelState (mkPropQual Cheap))	MATCHED
hil	44	83fdcd4c-338f-4a9f-8545-da8539e67e9d	DONE	NiGidiwa noGojedi lixagotaGaGa adakake loojedi	Estes peixes vermelhos estão baratos .	2	117	kuá-itá piranga pirá sepiasuíma uiku	estes vermelhos peixes estão baratos	0.854167	0.805556	1.000000			1	Pred Yes (mkItemNonDeitic (These (Mod Red (mkKind Fish)))) (StageLevelState (mkPropQual Cheap))	SENT-117::Pred Yes (mkItemNonDeitic (These (Mod Red (mkKind Fish)))) (StageLevelState (mkPropQual Cheap))	MATCHED
hil	44	83fdcd4c-338f-4a9f-8545-da8539e67e9d	DONE	NiGidiwa noGojedi lixagotaGaGa adakake loojedi	Estes peixes vermelhos estão baratos .	3	118	kuá-itá pirá piranga sepiasuíma uiku	estes vermelhos peixes estão baratos	0.854167	0.805556	1.000000			1	Pred Yes (mkItemNonDeitic (These (Mod Red (mkKind Fish)))) (StageLevelState (mkPropQual Cheap))	SENT-118::Pred Yes (mkItemNonDeitic (These (Mod Red (mkKind Fish)))) (StageLevelState (mkPropQual Cheap))	MATCHED
hil	53	71aff593-7b38-4c17-9563-4503985dbd03	DONE	jipegitege	Estou perto dela .	1	13	aiku suaki	eu estou perto dela	0.873214	0.914286	0.750000			3	Pred Yes (mkItemDeitic I) (StageLevelState (mkPropLoc (Near (mkItemDeitic He)))) || Pred Yes (mkItemDeitic I) (StageLevelState (mkPropLoc (Near (mkItemDeitic It)))) || Pred Yes (mkItemDeitic I) (StageLevelState (mkPropLoc (Near (mkItemDeitic She))))	SENT-13::Pred Yes (mkItemDeitic I) (StageLevelState (mkPropLoc (Near (mkItemDeitic He)))) || SENT-13::Pred Yes (mkItemDeitic I) (StageLevelState (mkPropLoc (Near (mkItemDeitic It)))) || SENT-13::Pred Yes (mkItemDeitic I) (StageLevelState (mkPropLoc (Near (mkItemDeitic She))))	MATCHED
hil	53	71aff593-7b38-4c17-9563-4503985dbd03	DONE	jipegitege	Estou perto dela .	2	59	ixé aiku suaki	eu estou perto dela	0.873214	0.914286	0.750000			3	Pred Yes (mkItemDeitic I) (StageLevelState (mkPropLoc (Near (mkItemDeitic He)))) || Pred Yes (mkItemDeitic I) (StageLevelState (mkPropLoc (Near (mkItemDeitic It)))) || Pred Yes (mkItemDeitic I) (StageLevelState (mkPropLoc (Near (mkItemDeitic She))))	SENT-59::Pred Yes (mkItemDeitic I) (StageLevelState (mkPropLoc (Near (mkItemDeitic He)))) || SENT-59::Pred Yes (mkItemDeitic I) (StageLevelState (mkPropLoc (Near (mkItemDeitic It)))) || SENT-59::Pred Yes (mkItemDeitic I) (StageLevelState (mkPropLoc (Near (mkItemDeitic She))))	MATCHED
hil	54	f4f18c18-728c-4d6b-b7dd-2df62c4a829a	DONE	jipegitege	Estou perto dele .	1	13	aiku suaki	eu estou perto dele	0.873214	0.914286	0.750000			3	Pred Yes (mkItemDeitic I) (StageLevelState (mkPropLoc (Near (mkItemDeitic He)))) || Pred Yes (mkItemDeitic I) (StageLevelState (mkPropLoc (Near (mkItemDeitic It)))) || Pred Yes (mkItemDeitic I) (StageLevelState (mkPropLoc (Near (mkItemDeitic She))))	SENT-13::Pred Yes (mkItemDeitic I) (StageLevelState (mkPropLoc (Near (mkItemDeitic He)))) || SENT-13::Pred Yes (mkItemDeitic I) (StageLevelState (mkPropLoc (Near (mkItemDeitic It)))) || SENT-13::Pred Yes (mkItemDeitic I) (StageLevelState (mkPropLoc (Near (mkItemDeitic She))))	MATCHED
hil	54	f4f18c18-728c-4d6b-b7dd-2df62c4a829a	DONE	jipegitege	Estou perto dele .	2	59	ixé aiku suaki	eu estou perto dele	0.873214	0.914286	0.750000			3	Pred Yes (mkItemDeitic I) (StageLevelState (mkPropLoc (Near (mkItemDeitic He)))) || Pred Yes (mkItemDeitic I) (StageLevelState (mkPropLoc (Near (mkItemDeitic It)))) || Pred Yes (mkItemDeitic I) (StageLevelState (mkPropLoc (Near (mkItemDeitic She))))	SENT-59::Pred Yes (mkItemDeitic I) (StageLevelState (mkPropLoc (Near (mkItemDeitic He)))) || SENT-59::Pred Yes (mkItemDeitic I) (StageLevelState (mkPropLoc (Near (mkItemDeitic It)))) || SENT-59::Pred Yes (mkItemDeitic I) (StageLevelState (mkPropLoc (Near (mkItemDeitic She))))	MATCHED
hil	55	90ca38d8-e063-4c98-af51-4b9022ade506	DONE	aGeliodi me idinitibeci .	Não sou muito feliz .	1	65	ixé niti se ruri retana	eu não sou muito feliz	0.895122	0.926829	0.800000			1	Pred No (mkItemDeitic I) (IndLevelState (mkPropQual (Very Happy)))	SENT-65::Pred No (mkItemDeitic I) (IndLevelState (mkPropQual (Very Happy)))	MATCHED
hil	55	90ca38d8-e063-4c98-af51-4b9022ade506	DONE	aGeliodi me idinitibeci .	Não sou muito feliz .	2	76	ixé ti se ruri retana	eu não sou muito feliz	0.895122	0.926829	0.800000			1	Pred No (mkItemDeitic I) (IndLevelState (mkPropQual (Very Happy)))	SENT-76::Pred No (mkItemDeitic I) (IndLevelState (mkPropQual (Very Happy)))	MATCHED
hil	58	9a136412-a636-4e5e-aa54-ac684ae7bed3	DONE	jipecaGataGagitiwaji .	Estamos perto de vocês .	1	35	iaiku pe ruaki	nós estamos perto de vocês	0.887500	0.916667	0.800000			1	Pred Yes (mkItemDeitic We) (StageLevelState (mkPropLoc (Near (mkItemDeitic YouPL))))	SENT-35::Pred Yes (mkItemDeitic We) (StageLevelState (mkPropLoc (Near (mkItemDeitic YouPL))))	MATCHED
hil	58	9a136412-a636-4e5e-aa54-ac684ae7bed3	DONE	jipecaGataGagitiwaji .	Estamos perto de vocês .	2	37	iandé iaiku pe ruaki	nós estamos perto de vocês	0.887500	0.916667	0.800000			1	Pred Yes (mkItemDeitic We) (StageLevelState (mkPropLoc (Near (mkItemDeitic YouPL))))	SENT-37::Pred Yes (mkItemDeitic We) (StageLevelState (mkPropLoc (Near (mkItemDeitic YouPL))))	MATCHED
hil	59	dff00f05-7be1-4d62-b3ed-b8a8870851e9	DONE	aidejonaGa midi Godoigi	Não estamos na comunidade.	1	40	iandé ti iaiku tendaua upé	nós não estamos na comunidade	0.894444	0.925926	0.800000			2	Pred No (mkItemDeitic We) (StageLevelState (mkPropLoc (In (mkItemNonDeitic (TheSG (mkKind Community)))))) || Pred No (mkItemDeitic We) (StageLevelState (mkPropLoc (On (mkItemNonDeitic (TheSG (mkKind Community))))))	SENT-40::Pred No (mkItemDeitic We) (StageLevelState (mkPropLoc (In (mkItemNonDeitic (TheSG (mkKind Community)))))) || SENT-40::Pred No (mkItemDeitic We) (StageLevelState (mkPropLoc (On (mkItemNonDeitic (TheSG (mkKind Community))))))	MATCHED
hil	59	dff00f05-7be1-4d62-b3ed-b8a8870851e9	DONE	aidejonaGa midi Godoigi	Não estamos na comunidade.	2	232	ti iaiku tendaua upé	nós não estamos na comunidade	0.894444	0.925926	0.800000			2	Pred No (mkItemDeitic We) (StageLevelState (mkPropLoc (In (mkItemNonDeitic (TheSG (mkKind Community)))))) || Pred No (mkItemDeitic We) (StageLevelState (mkPropLoc (On (mkItemNonDeitic (TheSG (mkKind Community))))))	SENT-232::Pred No (mkItemDeitic We) (StageLevelState (mkPropLoc (In (mkItemNonDeitic (TheSG (mkKind Community)))))) || SENT-232::Pred No (mkItemDeitic We) (StageLevelState (mkPropLoc (On (mkItemNonDeitic (TheSG (mkKind Community))))))	MATCHED
ped	7	e553e02e-0d33-4fed-8f6a-b7cf5c9cf9c9	DONE	liGeladi Maria aGipegetege	A casa de Maria não é perto dela	1	9	Maria ruka ti suaki	a casa da Maria não é perto dela	0.921007	0.968750	0.777778			3	Pred No (Poss (mkPsor SG Maria) (TheSG (mkKind House))) (IndLevelState (mkPropLoc (Near (mkItemDeitic He)))) || Pred No (Poss (mkPsor SG Maria) (TheSG (mkKind House))) (IndLevelState (mkPropLoc (Near (mkItemDeitic It)))) || Pred No (Poss (mkPsor SG Maria) (TheSG (mkKind House))) (IndLevelState (mkPropLoc (Near (mkItemDeitic She))))	SENT-9::Pred No (Poss (mkPsor SG Maria) (TheSG (mkKind House))) (IndLevelState (mkPropLoc (Near (mkItemDeitic He)))) || SENT-9::Pred No (Poss (mkPsor SG Maria) (TheSG (mkKind House))) (IndLevelState (mkPropLoc (Near (mkItemDeitic It)))) || SENT-9::Pred No (Poss (mkPsor SG Maria) (TheSG (mkKind House))) (IndLevelState (mkPropLoc (Near (mkItemDeitic She))))	MATCHED
ped	7	e553e02e-0d33-4fed-8f6a-b7cf5c9cf9c9	DONE	liGeladi Maria aGipegetege	A casa de Maria não é perto dela	2	9	Maria ruka ti suaki	a casa da Maria não é perto dele	0.853125	0.937500	0.600000			3	Pred No (Poss (mkPsor SG Maria) (TheSG (mkKind House))) (IndLevelState (mkPropLoc (Near (mkItemDeitic He)))) || Pred No (Poss (mkPsor SG Maria) (TheSG (mkKind House))) (IndLevelState (mkPropLoc (Near (mkItemDeitic It)))) || Pred No (Poss (mkPsor SG Maria) (TheSG (mkKind House))) (IndLevelState (mkPropLoc (Near (mkItemDeitic She))))	SENT-9::Pred No (Poss (mkPsor SG Maria) (TheSG (mkKind House))) (IndLevelState (mkPropLoc (Near (mkItemDeitic He)))) || SENT-9::Pred No (Poss (mkPsor SG Maria) (TheSG (mkKind House))) (IndLevelState (mkPropLoc (Near (mkItemDeitic It)))) || SENT-9::Pred No (Poss (mkPsor SG Maria) (TheSG (mkKind House))) (IndLevelState (mkPropLoc (Near (mkItemDeitic She))))	MATCHED
ped	7	e553e02e-0d33-4fed-8f6a-b7cf5c9cf9c9	DONE	liGeladi Maria aGipegetege	A casa de Maria não é perto dela	3	10	Maria ruka ti uiku suaki	a casa da Maria não está perto dela	0.821642	0.895522	0.600000			3	Pred No (Poss (mkPsor SG Maria) (TheSG (mkKind House))) (StageLevelState (mkPropLoc (Near (mkItemDeitic He)))) || Pred No (Poss (mkPsor SG Maria) (TheSG (mkKind House))) (StageLevelState (mkPropLoc (Near (mkItemDeitic It)))) || Pred No (Poss (mkPsor SG Maria) (TheSG (mkKind House))) (StageLevelState (mkPropLoc (Near (mkItemDeitic She))))	SENT-10::Pred No (Poss (mkPsor SG Maria) (TheSG (mkKind House))) (StageLevelState (mkPropLoc (Near (mkItemDeitic He)))) || SENT-10::Pred No (Poss (mkPsor SG Maria) (TheSG (mkKind House))) (StageLevelState (mkPropLoc (Near (mkItemDeitic It)))) || SENT-10::Pred No (Poss (mkPsor SG Maria) (TheSG (mkKind House))) (StageLevelState (mkPropLoc (Near (mkItemDeitic She))))	MATCHED
ped	8	79a6cd4e-b585-437a-9084-1fa077dec3b6	DONE	ica liGeladi ipegetege	A casa está perto dela	1	223	suka uiku suaki	a casa dela está perto dela	0.923469	0.897959	1.000000			9	Pred Yes (mkItemNonDeitic (TheSG (mkKind_ (Poss_ Her House)))) (StageLevelState (mkPropLoc (Near (mkItemDeitic He)))) || Pred Yes (mkItemNonDeitic (TheSG (mkKind_ (Poss_ Her House)))) (StageLevelState (mkPropLoc (Near (mkItemDeitic It)))) || Pred Yes (mkItemNonDeitic (TheSG (mkKind_ (Poss_ Her House)))) (StageLevelState (mkPropLoc (Near (mkItemDeitic She)))) || Pred Yes (mkItemNonDeitic (TheSG (mkKind_ (Poss_ His House)))) (StageLevelState (mkPropLoc (Near (mkItemDeitic He)))) || Pred Yes (mkItemNonDeitic (TheSG (mkKind_ (Poss_ His House)))) (StageLevelState (mkPropLoc (Near (mkItemDeitic It)))) || Pred Yes (mkItemNonDeitic (TheSG (mkKind_ (Poss_ His House)))) (StageLevelState (mkPropLoc (Near (mkItemDeitic She)))) || Pred Yes (mkItemNonDeitic (TheSG (mkKind_ (Poss_ Its House)))) (StageLevelState (mkPropLoc (Near (mkItemDeitic He)))) || Pred Yes (mkItemNonDeitic (TheSG (mkKind_ (Poss_ Its House)))) (StageLevelState (mkPropLoc (Near (mkItemDeitic It)))) || Pred Yes (mkItemNonDeitic (TheSG (mkKind_ (Poss_ Its House)))) (StageLevelState (mkPropLoc (Near (mkItemDeitic She))))	SENT-223::Pred Yes (mkItemNonDeitic (TheSG (mkKind_ (Poss_ Her House)))) (StageLevelState (mkPropLoc (Near (mkItemDeitic He)))) || SENT-223::Pred Yes (mkItemNonDeitic (TheSG (mkKind_ (Poss_ Her House)))) (StageLevelState (mkPropLoc (Near (mkItemDeitic It)))) || SENT-223::Pred Yes (mkItemNonDeitic (TheSG (mkKind_ (Poss_ Her House)))) (StageLevelState (mkPropLoc (Near (mkItemDeitic She)))) || SENT-223::Pred Yes (mkItemNonDeitic (TheSG (mkKind_ (Poss_ His House)))) (StageLevelState (mkPropLoc (Near (mkItemDeitic He)))) || SENT-223::Pred Yes (mkItemNonDeitic (TheSG (mkKind_ (Poss_ His House)))) (StageLevelState (mkPropLoc (Near (mkItemDeitic It)))) || SENT-223::Pred Yes (mkItemNonDeitic (TheSG (mkKind_ (Poss_ His House)))) (StageLevelState (mkPropLoc (Near (mkItemDeitic She)))) || SENT-223::Pred Yes (mkItemNonDeitic (TheSG (mkKind_ (Poss_ Its House)))) (StageLevelState (mkPropLoc (Near (mkItemDeitic He)))) || SENT-223::Pred Yes (mkItemNonDeitic (TheSG (mkKind_ (Poss_ Its House)))) (StageLevelState (mkPropLoc (Near (mkItemDeitic It)))) || SENT-223::Pred Yes (mkItemNonDeitic (TheSG (mkKind_ (Poss_ Its House)))) (StageLevelState (mkPropLoc (Near (mkItemDeitic She))))	MATCHED
ped	8	79a6cd4e-b585-437a-9084-1fa077dec3b6	DONE	ica liGeladi ipegetege	A casa está perto dela	2	223	suka uiku suaki	a casa dele está perto dela	0.881803	0.897959	0.833333			9	Pred Yes (mkItemNonDeitic (TheSG (mkKind_ (Poss_ Her House)))) (StageLevelState (mkPropLoc (Near (mkItemDeitic He)))) || Pred Yes (mkItemNonDeitic (TheSG (mkKind_ (Poss_ Her House)))) (StageLevelState (mkPropLoc (Near (mkItemDeitic It)))) || Pred Yes (mkItemNonDeitic (TheSG (mkKind_ (Poss_ Her House)))) (StageLevelState (mkPropLoc (Near (mkItemDeitic She)))) || Pred Yes (mkItemNonDeitic (TheSG (mkKind_ (Poss_ His House)))) (StageLevelState (mkPropLoc (Near (mkItemDeitic He)))) || Pred Yes (mkItemNonDeitic (TheSG (mkKind_ (Poss_ His House)))) (StageLevelState (mkPropLoc (Near (mkItemDeitic It)))) || Pred Yes (mkItemNonDeitic (TheSG (mkKind_ (Poss_ His House)))) (StageLevelState (mkPropLoc (Near (mkItemDeitic She)))) || Pred Yes (mkItemNonDeitic (TheSG (mkKind_ (Poss_ Its House)))) (StageLevelState (mkPropLoc (Near (mkItemDeitic He)))) || Pred Yes (mkItemNonDeitic (TheSG (mkKind_ (Poss_ Its House)))) (StageLevelState (mkPropLoc (Near (mkItemDeitic It)))) || Pred Yes (mkItemNonDeitic (TheSG (mkKind_ (Poss_ Its House)))) (StageLevelState (mkPropLoc (Near (mkItemDeitic She))))	SENT-223::Pred Yes (mkItemNonDeitic (TheSG (mkKind_ (Poss_ Her House)))) (StageLevelState (mkPropLoc (Near (mkItemDeitic He)))) || SENT-223::Pred Yes (mkItemNonDeitic (TheSG (mkKind_ (Poss_ Her House)))) (StageLevelState (mkPropLoc (Near (mkItemDeitic It)))) || SENT-223::Pred Yes (mkItemNonDeitic (TheSG (mkKind_ (Poss_ Her House)))) (StageLevelState (mkPropLoc (Near (mkItemDeitic She)))) || SENT-223::Pred Yes (mkItemNonDeitic (TheSG (mkKind_ (Poss_ His House)))) (StageLevelState (mkPropLoc (Near (mkItemDeitic He)))) || SENT-223::Pred Yes (mkItemNonDeitic (TheSG (mkKind_ (Poss_ His House)))) (StageLevelState (mkPropLoc (Near (mkItemDeitic It)))) || SENT-223::Pred Yes (mkItemNonDeitic (TheSG (mkKind_ (Poss_ His House)))) (StageLevelState (mkPropLoc (Near (mkItemDeitic She)))) || SENT-223::Pred Yes (mkItemNonDeitic (TheSG (mkKind_ (Poss_ Its House)))) (StageLevelState (mkPropLoc (Near (mkItemDeitic He)))) || SENT-223::Pred Yes (mkItemNonDeitic (TheSG (mkKind_ (Poss_ Its House)))) (StageLevelState (mkPropLoc (Near (mkItemDeitic It)))) || SENT-223::Pred Yes (mkItemNonDeitic (TheSG (mkKind_ (Poss_ Its House)))) (StageLevelState (mkPropLoc (Near (mkItemDeitic She))))	MATCHED
ped	8	79a6cd4e-b585-437a-9084-1fa077dec3b6	DONE	ica liGeladi ipegetege	A casa está perto dela	3	209	se ruka uiku suaki	a minha casa está perto dela	0.868333	0.880000	0.833333			3	Pred Yes (mkItemNonDeitic (TheSG (mkKind_ (Poss_ My House)))) (StageLevelState (mkPropLoc (Near (mkItemDeitic He)))) || Pred Yes (mkItemNonDeitic (TheSG (mkKind_ (Poss_ My House)))) (StageLevelState (mkPropLoc (Near (mkItemDeitic It)))) || Pred Yes (mkItemNonDeitic (TheSG (mkKind_ (Poss_ My House)))) (StageLevelState (mkPropLoc (Near (mkItemDeitic She))))	SENT-209::Pred Yes (mkItemNonDeitic (TheSG (mkKind_ (Poss_ My House)))) (StageLevelState (mkPropLoc (Near (mkItemDeitic He)))) || SENT-209::Pred Yes (mkItemNonDeitic (TheSG (mkKind_ (Poss_ My House)))) (StageLevelState (mkPropLoc (Near (mkItemDeitic It)))) || SENT-209::Pred Yes (mkItemNonDeitic (TheSG (mkKind_ (Poss_ My House)))) (StageLevelState (mkPropLoc (Near (mkItemDeitic She))))	MATCHED
ped	8	79a6cd4e-b585-437a-9084-1fa077dec3b6	DONE	ica liGeladi ipegetege	A casa está perto dela	4	223	suka uiku suaki	a casa dela está perto dele	0.851190	0.857143	0.833333			9	Pred Yes (mkItemNonDeitic (TheSG (mkKind_ (Poss_ Her House)))) (StageLevelState (mkPropLoc (Near (mkItemDeitic He)))) || Pred Yes (mkItemNonDeitic (TheSG (mkKind_ (Poss_ Her House)))) (StageLevelState (mkPropLoc (Near (mkItemDeitic It)))) || Pred Yes (mkItemNonDeitic (TheSG (mkKind_ (Poss_ Her House)))) (StageLevelState (mkPropLoc (Near (mkItemDeitic She)))) || Pred Yes (mkItemNonDeitic (TheSG (mkKind_ (Poss_ His House)))) (StageLevelState (mkPropLoc (Near (mkItemDeitic He)))) || Pred Yes (mkItemNonDeitic (TheSG (mkKind_ (Poss_ His House)))) (StageLevelState (mkPropLoc (Near (mkItemDeitic It)))) || Pred Yes (mkItemNonDeitic (TheSG (mkKind_ (Poss_ His House)))) (StageLevelState (mkPropLoc (Near (mkItemDeitic She)))) || Pred Yes (mkItemNonDeitic (TheSG (mkKind_ (Poss_ Its House)))) (StageLevelState (mkPropLoc (Near (mkItemDeitic He)))) || Pred Yes (mkItemNonDeitic (TheSG (mkKind_ (Poss_ Its House)))) (StageLevelState (mkPropLoc (Near (mkItemDeitic It)))) || Pred Yes (mkItemNonDeitic (TheSG (mkKind_ (Poss_ Its House)))) (StageLevelState (mkPropLoc (Near (mkItemDeitic She))))	SENT-223::Pred Yes (mkItemNonDeitic (TheSG (mkKind_ (Poss_ Her House)))) (StageLevelState (mkPropLoc (Near (mkItemDeitic He)))) || SENT-223::Pred Yes (mkItemNonDeitic (TheSG (mkKind_ (Poss_ Her House)))) (StageLevelState (mkPropLoc (Near (mkItemDeitic It)))) || SENT-223::Pred Yes (mkItemNonDeitic (TheSG (mkKind_ (Poss_ Her House)))) (StageLevelState (mkPropLoc (Near (mkItemDeitic She)))) || SENT-223::Pred Yes (mkItemNonDeitic (TheSG (mkKind_ (Poss_ His House)))) (StageLevelState (mkPropLoc (Near (mkItemDeitic He)))) || SENT-223::Pred Yes (mkItemNonDeitic (TheSG (mkKind_ (Poss_ His House)))) (StageLevelState (mkPropLoc (Near (mkItemDeitic It)))) || SENT-223::Pred Yes (mkItemNonDeitic (TheSG (mkKind_ (Poss_ His House)))) (StageLevelState (mkPropLoc (Near (mkItemDeitic She)))) || SENT-223::Pred Yes (mkItemNonDeitic (TheSG (mkKind_ (Poss_ Its House)))) (StageLevelState (mkPropLoc (Near (mkItemDeitic He)))) || SENT-223::Pred Yes (mkItemNonDeitic (TheSG (mkKind_ (Poss_ Its House)))) (StageLevelState (mkPropLoc (Near (mkItemDeitic It)))) || SENT-223::Pred Yes (mkItemNonDeitic (TheSG (mkKind_ (Poss_ Its House)))) (StageLevelState (mkPropLoc (Near (mkItemDeitic She))))	MATCHED
ped	8	79a6cd4e-b585-437a-9084-1fa077dec3b6	DONE	ica liGeladi ipegetege	A casa está perto dela	5	223	suka uiku suaki	a casa dele está perto dele	0.809524	0.857143	0.666667			9	Pred Yes (mkItemNonDeitic (TheSG (mkKind_ (Poss_ Her House)))) (StageLevelState (mkPropLoc (Near (mkItemDeitic He)))) || Pred Yes (mkItemNonDeitic (TheSG (mkKind_ (Poss_ Her House)))) (StageLevelState (mkPropLoc (Near (mkItemDeitic It)))) || Pred Yes (mkItemNonDeitic (TheSG (mkKind_ (Poss_ Her House)))) (StageLevelState (mkPropLoc (Near (mkItemDeitic She)))) || Pred Yes (mkItemNonDeitic (TheSG (mkKind_ (Poss_ His House)))) (StageLevelState (mkPropLoc (Near (mkItemDeitic He)))) || Pred Yes (mkItemNonDeitic (TheSG (mkKind_ (Poss_ His House)))) (StageLevelState (mkPropLoc (Near (mkItemDeitic It)))) || Pred Yes (mkItemNonDeitic (TheSG (mkKind_ (Poss_ His House)))) (StageLevelState (mkPropLoc (Near (mkItemDeitic She)))) || Pred Yes (mkItemNonDeitic (TheSG (mkKind_ (Poss_ Its House)))) (StageLevelState (mkPropLoc (Near (mkItemDeitic He)))) || Pred Yes (mkItemNonDeitic (TheSG (mkKind_ (Poss_ Its House)))) (StageLevelState (mkPropLoc (Near (mkItemDeitic It)))) || Pred Yes (mkItemNonDeitic (TheSG (mkKind_ (Poss_ Its House)))) (StageLevelState (mkPropLoc (Near (mkItemDeitic She))))	SENT-223::Pred Yes (mkItemNonDeitic (TheSG (mkKind_ (Poss_ Her House)))) (StageLevelState (mkPropLoc (Near (mkItemDeitic He)))) || SENT-223::Pred Yes (mkItemNonDeitic (TheSG (mkKind_ (Poss_ Her House)))) (StageLevelState (mkPropLoc (Near (mkItemDeitic It)))) || SENT-223::Pred Yes (mkItemNonDeitic (TheSG (mkKind_ (Poss_ Her House)))) (StageLevelState (mkPropLoc (Near (mkItemDeitic She)))) || SENT-223::Pred Yes (mkItemNonDeitic (TheSG (mkKind_ (Poss_ His House)))) (StageLevelState (mkPropLoc (Near (mkItemDeitic He)))) || SENT-223::Pred Yes (mkItemNonDeitic (TheSG (mkKind_ (Poss_ His House)))) (StageLevelState (mkPropLoc (Near (mkItemDeitic It)))) || SENT-223::Pred Yes (mkItemNonDeitic (TheSG (mkKind_ (Poss_ His House)))) (StageLevelState (mkPropLoc (Near (mkItemDeitic She)))) || SENT-223::Pred Yes (mkItemNonDeitic (TheSG (mkKind_ (Poss_ Its House)))) (StageLevelState (mkPropLoc (Near (mkItemDeitic He)))) || SENT-223::Pred Yes (mkItemNonDeitic (TheSG (mkKind_ (Poss_ Its House)))) (StageLevelState (mkPropLoc (Near (mkItemDeitic It)))) || SENT-223::Pred Yes (mkItemNonDeitic (TheSG (mkKind_ (Poss_ Its House)))) (StageLevelState (mkPropLoc (Near (mkItemDeitic She))))	MATCHED
ped	27	7b810df7-6ed0-4027-b2fe-72c64e9ca1dc	REVIEW	iGeladi idei mijo naigi naGajo	A minha casa fica naquela rua suja dela	1	186	se ruka nhaã kiá sapé upé	a minha casa é naquela suja rua dela	0.814444	0.826667	0.777778			12	Pred Yes (mkItemNonDeitic (TheSG (mkKind_ (Poss_ My House)))) (IndLevelState (mkPropLoc (In (mkItemNonDeitic (That (Mod Dirty (mkKind_ (Poss_ Her Path)))))))) || Pred Yes (mkItemNonDeitic (TheSG (mkKind_ (Poss_ My House)))) (IndLevelState (mkPropLoc (In (mkItemNonDeitic (That (Mod Dirty (mkKind_ (Poss_ Her Street)))))))) || Pred Yes (mkItemNonDeitic (TheSG (mkKind_ (Poss_ My House)))) (IndLevelState (mkPropLoc (In (mkItemNonDeitic (That (Mod Dirty (mkKind_ (Poss_ His Path)))))))) || Pred Yes (mkItemNonDeitic (TheSG (mkKind_ (Poss_ My House)))) (IndLevelState (mkPropLoc (In (mkItemNonDeitic (That (Mod Dirty (mkKind_ (Poss_ His Street)))))))) || Pred Yes (mkItemNonDeitic (TheSG (mkKind_ (Poss_ My House)))) (IndLevelState (mkPropLoc (In (mkItemNonDeitic (That (Mod Dirty (mkKind_ (Poss_ Its Path)))))))) || Pred Yes (mkItemNonDeitic (TheSG (mkKind_ (Poss_ My House)))) (IndLevelState (mkPropLoc (In (mkItemNonDeitic (That (Mod Dirty (mkKind_ (Poss_ Its Street)))))))) || Pred Yes (mkItemNonDeitic (TheSG (mkKind_ (Poss_ My House)))) (IndLevelState (mkPropLoc (On (mkItemNonDeitic (That (Mod Dirty (mkKind_ (Poss_ Her Path)))))))) || Pred Yes (mkItemNonDeitic (TheSG (mkKind_ (Poss_ My House)))) (IndLevelState (mkPropLoc (On (mkItemNonDeitic (That (Mod Dirty (mkKind_ (Poss_ Her Street)))))))) || Pred Yes (mkItemNonDeitic (TheSG (mkKind_ (Poss_ My House)))) (IndLevelState (mkPropLoc (On (mkItemNonDeitic (That (Mod Dirty (mkKind_ (Poss_ His Path)))))))) || Pred Yes (mkItemNonDeitic (TheSG (mkKind_ (Poss_ My House)))) (IndLevelState (mkPropLoc (On (mkItemNonDeitic (That (Mod Dirty (mkKind_ (Poss_ His Street)))))))) || Pred Yes (mkItemNonDeitic (TheSG (mkKind_ (Poss_ My House)))) (IndLevelState (mkPropLoc (On (mkItemNonDeitic (That (Mod Dirty (mkKind_ (Poss_ Its Path)))))))) || Pred Yes (mkItemNonDeitic (TheSG (mkKind_ (Poss_ My House)))) (IndLevelState (mkPropLoc (On (mkItemNonDeitic (That (Mod Dirty (mkKind_ (Poss_ Its Street))))))))	SENT-186::Pred Yes (mkItemNonDeitic (TheSG (mkKind_ (Poss_ My House)))) (IndLevelState (mkPropLoc (In (mkItemNonDeitic (That (Mod Dirty (mkKind_ (Poss_ Her Path)))))))) || SENT-186::Pred Yes (mkItemNonDeitic (TheSG (mkKind_ (Poss_ My House)))) (IndLevelState (mkPropLoc (In (mkItemNonDeitic (That (Mod Dirty (mkKind_ (Poss_ Her Street)))))))) || SENT-186::Pred Yes (mkItemNonDeitic (TheSG (mkKind_ (Poss_ My House)))) (IndLevelState (mkPropLoc (In (mkItemNonDeitic (That (Mod Dirty (mkKind_ (Poss_ His Path)))))))) || SENT-186::Pred Yes (mkItemNonDeitic (TheSG (mkKind_ (Poss_ My House)))) (IndLevelState (mkPropLoc (In (mkItemNonDeitic (That (Mod Dirty (mkKind_ (Poss_ His Street)))))))) || SENT-186::Pred Yes (mkItemNonDeitic (TheSG (mkKind_ (Poss_ My House)))) (IndLevelState (mkPropLoc (In (mkItemNonDeitic (That (Mod Dirty (mkKind_ (Poss_ Its Path)))))))) || SENT-186::Pred Yes (mkItemNonDeitic (TheSG (mkKind_ (Poss_ My House)))) (IndLevelState (mkPropLoc (In (mkItemNonDeitic (That (Mod Dirty (mkKind_ (Poss_ Its Street)))))))) || SENT-186::Pred Yes (mkItemNonDeitic (TheSG (mkKind_ (Poss_ My House)))) (IndLevelState (mkPropLoc (On (mkItemNonDeitic (That (Mod Dirty (mkKind_ (Poss_ Her Path)))))))) || SENT-186::Pred Yes (mkItemNonDeitic (TheSG (mkKind_ (Poss_ My House)))) (IndLevelState (mkPropLoc (On (mkItemNonDeitic (That (Mod Dirty (mkKind_ (Poss_ Her Street)))))))) || SENT-186::Pred Yes (mkItemNonDeitic (TheSG (mkKind_ (Poss_ My House)))) (IndLevelState (mkPropLoc (On (mkItemNonDeitic (That (Mod Dirty (mkKind_ (Poss_ His Path)))))))) || SENT-186::Pred Yes (mkItemNonDeitic (TheSG (mkKind_ (Poss_ My House)))) (IndLevelState (mkPropLoc (On (mkItemNonDeitic (That (Mod Dirty (mkKind_ (Poss_ His Street)))))))) || SENT-186::Pred Yes (mkItemNonDeitic (TheSG (mkKind_ (Poss_ My House)))) (IndLevelState (mkPropLoc (On (mkItemNonDeitic (That (Mod Dirty (mkKind_ (Poss_ Its Path)))))))) || SENT-186::Pred Yes (mkItemNonDeitic (TheSG (mkKind_ (Poss_ My House)))) (IndLevelState (mkPropLoc (On (mkItemNonDeitic (That (Mod Dirty (mkKind_ (Poss_ Its Street))))))))	MATCHED
ped	33	82117289-be52-45d0-886d-a5747eb20ea2	DONE	iGeladi ipegitaGagi	Minha casa está perto de você	1	201	se ruka uiku ne ruaki	a minha casa está perto de você	0.939286	0.966667	0.857143			1	Pred Yes (mkItemNonDeitic (TheSG (mkKind_ (Poss_ My House)))) (StageLevelState (mkPropLoc (Near (mkItemDeitic YouSG))))	SENT-201::Pred Yes (mkItemNonDeitic (TheSG (mkKind_ (Poss_ My House)))) (StageLevelState (mkPropLoc (Near (mkItemDeitic YouSG))))	MATCHED
ped	33	82117289-be52-45d0-886d-a5747eb20ea2	DONE	iGeladi ipegitaGagi	Minha casa está perto de você	2	207	se ruka uiku pe ruaki	a minha casa está perto de vocês	0.869365	0.950820	0.625000			1	Pred Yes (mkItemNonDeitic (TheSG (mkKind_ (Poss_ My House)))) (StageLevelState (mkPropLoc (Near (mkItemDeitic YouPL))))	SENT-207::Pred Yes (mkItemNonDeitic (TheSG (mkKind_ (Poss_ My House)))) (StageLevelState (mkPropLoc (Near (mkItemDeitic YouPL))))	MATCHED
ped	33	82117289-be52-45d0-886d-a5747eb20ea2	DONE	iGeladi ipegitaGagi	Minha casa está perto de você	3	183	se ruka ne ruaki	a minha casa é perto de você	0.814145	0.877193	0.625000			1	Pred Yes (mkItemNonDeitic (TheSG (mkKind_ (Poss_ My House)))) (IndLevelState (mkPropLoc (Near (mkItemDeitic YouSG))))	SENT-183::Pred Yes (mkItemNonDeitic (TheSG (mkKind_ (Poss_ My House)))) (IndLevelState (mkPropLoc (Near (mkItemDeitic YouSG))))	MATCHED
ped	34	50f93fbc-14fa-48e7-b8ba-22f744109348	DONE	iGeladi ipegitegi liGeladi	Minha casa está perto de sua casa	1	202	se ruka uiku ne ruka ruaki	a minha casa está perto da sua casa	0.862132	0.941176	0.625000			1	Pred Yes (mkItemNonDeitic (TheSG (mkKind_ (Poss_ My House)))) (StageLevelState (mkPropLoc (Near (mkItemNonDeitic (TheSG (mkKind_ (Poss_ YourSG House)))))))	SENT-202::Pred Yes (mkItemNonDeitic (TheSG (mkKind_ (Poss_ My House)))) (StageLevelState (mkPropLoc (Near (mkItemNonDeitic (TheSG (mkKind_ (Poss_ YourSG House)))))))	MATCHED
ped	36	bb8018ba-76b3-43f2-82ea-78b6009c1f90	DONE	iGeladi ipegitegi naigi me napioi	minha casa está perto da rua suja	1	202	se ruka uiku ne ruka ruaki	a minha casa está perto da sua casa	0.800654	0.882353	0.555556			1	Pred Yes (mkItemNonDeitic (TheSG (mkKind_ (Poss_ My House)))) (StageLevelState (mkPropLoc (Near (mkItemNonDeitic (TheSG (mkKind_ (Poss_ YourSG House)))))))	SENT-202::Pred Yes (mkItemNonDeitic (TheSG (mkKind_ (Poss_ My House)))) (StageLevelState (mkPropLoc (Near (mkItemNonDeitic (TheSG (mkKind_ (Poss_ YourSG House)))))))	MATCHED
ped	37	1da1bf7a-7975-4baf-821b-9df5c75ac297	DONE	iGeladi aGipegitegi weiigi	Minha casa não fica perto do rio	1	187	se ruka niti paranã ruaki	a minha casa não é perto do rio	0.833333	0.888889	0.666667			1	Pred No (mkItemNonDeitic (TheSG (mkKind_ (Poss_ My House)))) (IndLevelState (mkPropLoc (Near (mkItemNonDeitic (TheSG (mkKind River))))))	SENT-187::Pred No (mkItemNonDeitic (TheSG (mkKind_ (Poss_ My House)))) (IndLevelState (mkPropLoc (Near (mkItemNonDeitic (TheSG (mkKind River))))))	MATCHED
ped	37	1da1bf7a-7975-4baf-821b-9df5c75ac297	DONE	iGeladi aGipegitegi weiigi	Minha casa não fica perto do rio	2	195	se ruka ti paranã ruaki	a minha casa não é perto do rio	0.833333	0.888889	0.666667			1	Pred No (mkItemNonDeitic (TheSG (mkKind_ (Poss_ My House)))) (IndLevelState (mkPropLoc (Near (mkItemNonDeitic (TheSG (mkKind River))))))	SENT-195::Pred No (mkItemNonDeitic (TheSG (mkKind_ (Poss_ My House)))) (IndLevelState (mkPropLoc (Near (mkItemNonDeitic (TheSG (mkKind River))))))	MATCHED
ped	37	1da1bf7a-7975-4baf-821b-9df5c75ac297	DONE	iGeladi aGipegitegi weiigi	Minha casa não fica perto do rio	3	197	se ruka ti uiku paranã ruaki	a minha casa não está perto do rio	0.803030	0.848485	0.666667			1	Pred No (mkItemNonDeitic (TheSG (mkKind_ (Poss_ My House)))) (StageLevelState (mkPropLoc (Near (mkItemNonDeitic (TheSG (mkKind River))))))	SENT-197::Pred No (mkItemNonDeitic (TheSG (mkKind_ (Poss_ My House)))) (StageLevelState (mkPropLoc (Near (mkItemNonDeitic (TheSG (mkKind River))))))	MATCHED
ped	40	10e550d6-df13-4527-8aee-aa23e3f2fcdd	DONE	iGeladi digoida weiigi .	Minha casa é no rio.	1	190	se ruka paranã upé	a minha casa é no rio	0.920833	0.950000	0.833333			2	Pred Yes (mkItemNonDeitic (TheSG (mkKind_ (Poss_ My House)))) (IndLevelState (mkPropLoc (In (mkItemNonDeitic (TheSG (mkKind River)))))) || Pred Yes (mkItemNonDeitic (TheSG (mkKind_ (Poss_ My House)))) (IndLevelState (mkPropLoc (On (mkItemNonDeitic (TheSG (mkKind River))))))	SENT-190::Pred Yes (mkItemNonDeitic (TheSG (mkKind_ (Poss_ My House)))) (IndLevelState (mkPropLoc (In (mkItemNonDeitic (TheSG (mkKind River)))))) || SENT-190::Pred Yes (mkItemNonDeitic (TheSG (mkKind_ (Poss_ My House)))) (IndLevelState (mkPropLoc (On (mkItemNonDeitic (TheSG (mkKind River))))))	MATCHED
ped	40	10e550d6-df13-4527-8aee-aa23e3f2fcdd	DONE	iGeladi digoida weiigi .	Minha casa é no rio.	2	188	se ruka niti paranã upé	a minha casa não é no rio	0.826299	0.863636	0.714286			2	Pred No (mkItemNonDeitic (TheSG (mkKind_ (Poss_ My House)))) (IndLevelState (mkPropLoc (In (mkItemNonDeitic (TheSG (mkKind River)))))) || Pred No (mkItemNonDeitic (TheSG (mkKind_ (Poss_ My House)))) (IndLevelState (mkPropLoc (On (mkItemNonDeitic (TheSG (mkKind River))))))	SENT-188::Pred No (mkItemNonDeitic (TheSG (mkKind_ (Poss_ My House)))) (IndLevelState (mkPropLoc (In (mkItemNonDeitic (TheSG (mkKind River)))))) || SENT-188::Pred No (mkItemNonDeitic (TheSG (mkKind_ (Poss_ My House)))) (IndLevelState (mkPropLoc (On (mkItemNonDeitic (TheSG (mkKind River))))))	MATCHED
ped	40	10e550d6-df13-4527-8aee-aa23e3f2fcdd	DONE	iGeladi digoida weiigi .	Minha casa é no rio.	3	196	se ruka ti paranã upé	a minha casa não é no rio	0.826299	0.863636	0.714286			2	Pred No (mkItemNonDeitic (TheSG (mkKind_ (Poss_ My House)))) (IndLevelState (mkPropLoc (In (mkItemNonDeitic (TheSG (mkKind River)))))) || Pred No (mkItemNonDeitic (TheSG (mkKind_ (Poss_ My House)))) (IndLevelState (mkPropLoc (On (mkItemNonDeitic (TheSG (mkKind River))))))	SENT-196::Pred No (mkItemNonDeitic (TheSG (mkKind_ (Poss_ My House)))) (IndLevelState (mkPropLoc (In (mkItemNonDeitic (TheSG (mkKind River)))))) || SENT-196::Pred No (mkItemNonDeitic (TheSG (mkKind_ (Poss_ My House)))) (IndLevelState (mkPropLoc (On (mkItemNonDeitic (TheSG (mkKind River))))))	MATCHED
ped	41	874c123b-4c43-4001-bfce-8af4af0e5805	DONE	iGeladi idei weiigi .	Minha casa é no rio.	1	190	se ruka paranã upé	a minha casa é no rio	0.920833	0.950000	0.833333			2	Pred Yes (mkItemNonDeitic (TheSG (mkKind_ (Poss_ My House)))) (IndLevelState (mkPropLoc (In (mkItemNonDeitic (TheSG (mkKind River)))))) || Pred Yes (mkItemNonDeitic (TheSG (mkKind_ (Poss_ My House)))) (IndLevelState (mkPropLoc (On (mkItemNonDeitic (TheSG (mkKind River))))))	SENT-190::Pred Yes (mkItemNonDeitic (TheSG (mkKind_ (Poss_ My House)))) (IndLevelState (mkPropLoc (In (mkItemNonDeitic (TheSG (mkKind River)))))) || SENT-190::Pred Yes (mkItemNonDeitic (TheSG (mkKind_ (Poss_ My House)))) (IndLevelState (mkPropLoc (On (mkItemNonDeitic (TheSG (mkKind River))))))	MATCHED
ped	41	874c123b-4c43-4001-bfce-8af4af0e5805	DONE	iGeladi idei weiigi .	Minha casa é no rio.	2	188	se ruka niti paranã upé	a minha casa não é no rio	0.826299	0.863636	0.714286			2	Pred No (mkItemNonDeitic (TheSG (mkKind_ (Poss_ My House)))) (IndLevelState (mkPropLoc (In (mkItemNonDeitic (TheSG (mkKind River)))))) || Pred No (mkItemNonDeitic (TheSG (mkKind_ (Poss_ My House)))) (IndLevelState (mkPropLoc (On (mkItemNonDeitic (TheSG (mkKind River))))))	SENT-188::Pred No (mkItemNonDeitic (TheSG (mkKind_ (Poss_ My House)))) (IndLevelState (mkPropLoc (In (mkItemNonDeitic (TheSG (mkKind River)))))) || SENT-188::Pred No (mkItemNonDeitic (TheSG (mkKind_ (Poss_ My House)))) (IndLevelState (mkPropLoc (On (mkItemNonDeitic (TheSG (mkKind River))))))	MATCHED
ped	41	874c123b-4c43-4001-bfce-8af4af0e5805	DONE	iGeladi idei weiigi .	Minha casa é no rio.	3	196	se ruka ti paranã upé	a minha casa não é no rio	0.826299	0.863636	0.714286			2	Pred No (mkItemNonDeitic (TheSG (mkKind_ (Poss_ My House)))) (IndLevelState (mkPropLoc (In (mkItemNonDeitic (TheSG (mkKind River)))))) || Pred No (mkItemNonDeitic (TheSG (mkKind_ (Poss_ My House)))) (IndLevelState (mkPropLoc (On (mkItemNonDeitic (TheSG (mkKind River))))))	SENT-196::Pred No (mkItemNonDeitic (TheSG (mkKind_ (Poss_ My House)))) (IndLevelState (mkPropLoc (In (mkItemNonDeitic (TheSG (mkKind River)))))) || SENT-196::Pred No (mkItemNonDeitic (TheSG (mkKind_ (Poss_ My House)))) (IndLevelState (mkPropLoc (On (mkItemNonDeitic (TheSG (mkKind River))))))	MATCHED
ped	50	156fa9a4-4323-44f1-9cdc-ef5dc052b428	DONE	etee minitaGa	Estou com ele	1	11	aiku i irũmu	eu estou com ele	0.859914	0.896552	0.750000			3	Pred Yes (mkItemDeitic I) (StageLevelState (mkPropLoc (With (mkItemDeitic He)))) || Pred Yes (mkItemDeitic I) (StageLevelState (mkPropLoc (With (mkItemDeitic It)))) || Pred Yes (mkItemDeitic I) (StageLevelState (mkPropLoc (With (mkItemDeitic She))))	SENT-11::Pred Yes (mkItemDeitic I) (StageLevelState (mkPropLoc (With (mkItemDeitic He)))) || SENT-11::Pred Yes (mkItemDeitic I) (StageLevelState (mkPropLoc (With (mkItemDeitic It)))) || SENT-11::Pred Yes (mkItemDeitic I) (StageLevelState (mkPropLoc (With (mkItemDeitic She))))	MATCHED
ped	50	156fa9a4-4323-44f1-9cdc-ef5dc052b428	DONE	etee minitaGa	Estou com ele	2	57	ixé aiku i irũmu	eu estou com ele	0.859914	0.896552	0.750000			3	Pred Yes (mkItemDeitic I) (StageLevelState (mkPropLoc (With (mkItemDeitic He)))) || Pred Yes (mkItemDeitic I) (StageLevelState (mkPropLoc (With (mkItemDeitic It)))) || Pred Yes (mkItemDeitic I) (StageLevelState (mkPropLoc (With (mkItemDeitic She))))	SENT-57::Pred Yes (mkItemDeitic I) (StageLevelState (mkPropLoc (With (mkItemDeitic He)))) || SENT-57::Pred Yes (mkItemDeitic I) (StageLevelState (mkPropLoc (With (mkItemDeitic It)))) || SENT-57::Pred Yes (mkItemDeitic I) (StageLevelState (mkPropLoc (With (mkItemDeitic She))))	MATCHED
ped	52	d543f155-c01f-4b5e-add1-0533b8ac6e15	DONE	jipacaGataGagitiwaji	Estamos perto de vocês.	1	35	iaiku pe ruaki	nós estamos perto de vocês	0.887500	0.916667	0.800000			1	Pred Yes (mkItemDeitic We) (StageLevelState (mkPropLoc (Near (mkItemDeitic YouPL))))	SENT-35::Pred Yes (mkItemDeitic We) (StageLevelState (mkPropLoc (Near (mkItemDeitic YouPL))))	MATCHED
ped	52	d543f155-c01f-4b5e-add1-0533b8ac6e15	DONE	jipacaGataGagitiwaji	Estamos perto de vocês.	2	37	iandé iaiku pe ruaki	nós estamos perto de vocês	0.887500	0.916667	0.800000			1	Pred Yes (mkItemDeitic We) (StageLevelState (mkPropLoc (Near (mkItemDeitic YouPL))))	SENT-37::Pred Yes (mkItemDeitic We) (StageLevelState (mkPropLoc (Near (mkItemDeitic YouPL))))	MATCHED
ped	54	74a76be1-d4b6-42e1-9100-6a436a7fa065	DONE	akaami oko jipacaGataGagitiwaji	Estamos perto de vocês.	1	35	iaiku pe ruaki	nós estamos perto de vocês	0.887500	0.916667	0.800000			1	Pred Yes (mkItemDeitic We) (StageLevelState (mkPropLoc (Near (mkItemDeitic YouPL))))	SENT-35::Pred Yes (mkItemDeitic We) (StageLevelState (mkPropLoc (Near (mkItemDeitic YouPL))))	MATCHED
ped	54	74a76be1-d4b6-42e1-9100-6a436a7fa065	DONE	akaami oko jipacaGataGagitiwaji	Estamos perto de vocês.	2	37	iandé iaiku pe ruaki	nós estamos perto de vocês	0.887500	0.916667	0.800000			1	Pred Yes (mkItemDeitic We) (StageLevelState (mkPropLoc (Near (mkItemDeitic YouPL))))	SENT-37::Pred Yes (mkItemDeitic We) (StageLevelState (mkPropLoc (Near (mkItemDeitic YouPL))))	MATCHED
ped	58	73ceda1b-be14-4e75-9b1e-2a490d7df366	DONE	etogo adakake lojedi	A canoa está barata.	1	49	igara pusé sepiasuíma uiku	a pesada canoa está barata	0.833333	0.844444	0.800000			1	Pred Yes (mkItemNonDeitic (TheSG (Mod Heavy (mkKind Canoe)))) (StageLevelState (mkPropQual Cheap))	SENT-49::Pred Yes (mkItemNonDeitic (TheSG (Mod Heavy (mkKind Canoe)))) (StageLevelState (mkPropQual Cheap))	MATCHED
ped	58	73ceda1b-be14-4e75-9b1e-2a490d7df366	DONE	etogo adakake lojedi	A canoa está barata.	2	173	pusé igara sepiasuíma uiku	a pesada canoa está barata	0.833333	0.844444	0.800000			1	Pred Yes (mkItemNonDeitic (TheSG (Mod Heavy (mkKind Canoe)))) (StageLevelState (mkPropQual Cheap))	SENT-173::Pred Yes (mkItemNonDeitic (TheSG (Mod Heavy (mkKind Canoe)))) (StageLevelState (mkPropQual Cheap))	MATCHED
