document_uid	reference	document_title	source_json	sentence_number	sentence_uid	text	text_por	sentence_status	struct_status	parsed_marker	token_count	pos_tagged_tokens	pos_coverage	token_levels	chunk_count	chunk_labels	chunk_levels	chunk_coverage	tree_reconstructable	tree_error	proto_conllu_rows	proto_conllu_with_head	proto_conllu_with_deprel	translations_present	token_glosses	tokens_with_splits	sentence_comments	break_markers
305b1d99-8900-44a4-99ef-2f43646f3f87	tale_03.txt	Iauti iauraete	6ab546820d7977bbad0e89e7.json	1	87bfd7ec-1915-4988-8317-d391a1ef40a2	Iauti iauraete	O jabuti e a onça				2	0	none	0	1	IP-MAT	0	root_only	no	TreeConstructionError: invalid chunk: {'i': 1, 'f': 2, 't': 'IP-MAT'}	2	0	0	1	0	0	0	1
305b1d99-8900-44a4-99ef-2f43646f3f87	tale_03.txt	Iauti iauraete	6ab546820d7977bbad0e89e7.json	2	b466dc66-a0b7-4f27-89de-3780bcc9f415	Iáutí oçacẽma: — Cẹ anãma itá!	Jabuti gritou: — Meus parentes!				6	0	none	0	1	IP-MAT	0	root_only	no	TreeConstructionError: invalid chunk: {'i': 1, 'f': 6, 't': 'IP-MAT'}	0	0	0	1	0	0	0	1
305b1d99-8900-44a4-99ef-2f43646f3f87	tale_03.txt	Iauti iauraete	6ab546820d7977bbad0e89e7.json	3	72bfd66a-ae2d-48e2-bf2a-3f2040c11539	Cẹ anãma itá, iúre!	Meus parentes, venham!				4	0	none	0	1	IP-MAT	0	root_only	no	TreeConstructionError: invalid chunk: {'i': 1, 'f': 4, 't': 'IP-MAT'}	0	0	0	1	0	0	0	1
305b1d99-8900-44a4-99ef-2f43646f3f87	tale_03.txt	Iauti iauraete	6ab546820d7977bbad0e89e7.json	4	23ff03ca-606f-4163-bd65-f4467060d512	Iauárẹtệ ocenõ, oçộ a kẹtệ, opuranú: — Mãnháta reçacẽma rẹikộ, Iauti?	A onça ouviu, foi lá para, perguntou: — O que tu gritando estás, jabuti?				11	0	none	0	1	IP-MAT	0	root_only	no	TreeConstructionError: invalid chunk: {'i': 1, 'f': 11, 't': 'IP-MAT'}	0	0	0	1	0	0	0	1
305b1d99-8900-44a4-99ef-2f43646f3f87	tale_03.txt	Iauti iauraete	6ab546820d7977bbad0e89e7.json	5	0a7a1474-a51a-4d41-88c9-9fc519ef3b11	Iauti ocuaxára: — Xa cenõin xa ikộ cẹ anãma itã oú arãma cẹrẹmiára uaçú tapiíra.	O jabuti respondeu: — Eu chamando eu estou meus parentes comerem para minha caça grande a anta.				15	0	none	0	1	IP-MAT	0	root_only	no	TreeConstructionError: invalid chunk: {'i': 1, 'f': 15, 't': 'IP-MAT'}	0	0	0	1	0	0	0	1
305b1d99-8900-44a4-99ef-2f43646f3f87	tale_03.txt	Iauti iauraete	6ab546820d7977bbad0e89e7.json	6	bb1a5e7a-0e14-4328-9998-c82056f116d1	Iauarẹtệ onhehẽ: — Rẹputári xa muĩ tapiíra indẹ arãma?	A onça disse: — Tu queres que eu parta a anta você para?				9	0	none	0	1	IP-MAT	0	root_only	no	TreeConstructionError: invalid chunk: {'i': 1, 'f': 9, 't': 'IP-MAT'}	0	0	0	1	0	0	0	1
305b1d99-8900-44a4-99ef-2f43646f3f87	tale_03.txt	Iauti iauraete	6ab546820d7977bbad0e89e7.json	7	1fac6647-d11c-451a-85f3-cd71549b3a90	Iautí onhehẽ: — Xa putári: rẹmunúca iépe çuaxára inẹ arãma; amũ, ixé arãma.	Jabuti disse: — Eu quero: tu separes uma banda ti para; outra mim para.				13	0	none	0	1	IP-MAT	0	root_only	no	TreeConstructionError: invalid chunk: {'i': 1, 'f': 13, 't': 'IP-MAT'}	0	0	0	1	0	0	0	1
305b1d99-8900-44a4-99ef-2f43646f3f87	tale_03.txt	Iauti iauraete	6ab546820d7977bbad0e89e7.json	8	7db7a27f-4c4f-42fc-a7a2-5c85e5517b86	Iauarẹtệ onhehẽ: — Aramé rẹçộ rẹiúúca iẹpeá.	A onça disse: — Então vá tirar lenha.				7	0	none	0	1	IP-MAT	0	root_only	no	TreeConstructionError: invalid chunk: {'i': 1, 'f': 7, 't': 'IP-MAT'}	0	0	0	1	0	0	0	1
305b1d99-8900-44a4-99ef-2f43646f3f87	tale_03.txt	Iauti iauraete	6ab546820d7977bbad0e89e7.json	9	4e9c770e-ddd9-4ca2-80e3-93f64fdadad4	Iauti oçộ pucuçáua, iáuárẹtệ oçupíri iximiára, ộiáuáu.	O jabuti foi em quanto que, a onça carregou dele a caça, e fugiu.				7	0	none	0	1	IP-MAT	0	root_only	no	TreeConstructionError: invalid chunk: {'i': 1, 'f': 7, 't': 'IP-MAT'}	0	0	0	1	0	0	0	1
305b1d99-8900-44a4-99ef-2f43646f3f87	tale_03.txt	Iauti iauraete	6ab546820d7977bbad0e89e7.json	10	7faca5ca-cd4b-45b3-9e10-189650c4b813	Iautí ocɨka ramé uacệma nhúnto ậna tiputí, ộiákáu iauárẹtệ irúmo, onhehẽ: — Tenupá!	O jabuti chegou quando encontrou apenas fezes, ralhou onça com, disse: — Deixa estar!				13	0	none	0	1	IP-MAT	0	root_only	no	TreeConstructionError: invalid chunk: {'i': 1, 'f': 13, 't': 'IP-MAT'}	0	0	0	1	0	0	0	1
305b1d99-8900-44a4-99ef-2f43646f3f87	tale_03.txt	Iauti iauraete	6ab546820d7977bbad0e89e7.json	11	18f3b01c-ba14-4e5a-ae4e-2baec83a8e52	— Amuára xa iúiuantí curí nẹ irúmo.	— Algum dia eu me encontrarei você com.				7	0	none	0	1	IP-MAT	0	root_only	no	TreeConstructionError: invalid chunk: {'i': 1, 'f': 7, 't': 'IP-MAT'}	7	0	0	1	0	0	0	1
8d24a63e-8478-409b-8d3a-61239aee89c4	tale_05.txt	Iauti oiuiuanti macacaitá irumo	6ab553b50d7977bbad0e89f1.json	1	b5e04822-c560-4990-b86a-a35801e77e94	Iauti oiuiuanti macacaitá irumo	O jabuti encontra-se com macacos				4	0	none	0	1	IP-MAT	0	root_only	no	TreeConstructionError: invalid chunk: {'i': 1, 'f': 4, 't': 'IP-MAT'}	4	0	0	1	0	0	0	1
8d24a63e-8478-409b-8d3a-61239aee89c4	tale_05.txt	Iauti oiuiuanti macacaitá irumo	6ab553b50d7977bbad0e89f1.json	2	598d58cd-ea5d-4063-8a1d-fdd049ec844d	Iáutí mirĩ ouatá, ouatá, ouatá mocọĩ ára pucuçáua, oiuiúantí macáca irúmo, oikọ uahá ɨuá ɨua rẹcệ, onhehẽ macaca çupé: — Macáca, rẹomburí amú ɨuá xa ú arãma.	Jabutizinho andou, andou, andou de dois dias o espaço, encontrou-se macacos com, estavam que de fruta árvore sobre e disse macaco ao: — Macaco, tu jogues alguma fruta eu comer para.				27	0	none	0	1	IP-MAT	0	root_only	no	TreeConstructionError: invalid chunk: {'i': 1, 'f': 27, 't': 'IP-MAT'}	0	0	0	1	0	0	0	1
8d24a63e-8478-409b-8d3a-61239aee89c4	tale_05.txt	Iauti oiuiuanti macacaitá irumo	6ab553b50d7977bbad0e89f1.json	3	340e8541-08ee-4857-ab5e-241cde333348	Macáca oçuaxára: — Rẹiupirí, intí-será apgáua ndệ?	Macaco respondeu: — Suba, por ventura não é macho você?				7	0	none	0	1	IP-MAT	0	root_only	no	TreeConstructionError: invalid chunk: {'i': 1, 'f': 7, 't': 'IP-MAT'}	0	0	0	1	0	0	0	1
8d24a63e-8478-409b-8d3a-61239aee89c4	tale_05.txt	Iauti oiuiuanti macacaitá irumo	6ab553b50d7977bbad0e89f1.json	4	7d6a7666-7672-4a68-8f6f-0e34b74d75c2	Iáutí onhehẽ: — Ixệ apgáua çupí; intí xa iúpíri putári, cẹ maraári rẹcệ.	Jabuti respondeu: — Eu sou macho na verdade; não eu subir quero, eu estar cansado por.				13	0	none	0	1	IP-MAT	0	root_only	no	TreeConstructionError: invalid chunk: {'i': 1, 'f': 13, 't': 'IP-MAT'}	0	0	0	1	0	0	0	1
8d24a63e-8478-409b-8d3a-61239aee89c4	tale_05.txt	Iauti oiuiuanti macacaitá irumo	6ab553b50d7977bbad0e89f1.json	5	56810240-5afd-46b9-b03a-fbf1af4f35e9	Macáca onhehẽ: — Manhúm xa munhã quáu indệu xa çọ nẹ piãmo açuí ki kẹtệ.	Macaco disse: — Somente, o que eu fazer posso a você é o eu ir a você buscar daí aqui para.				15	0	none	0	1	IP-MAT	0	root_only	no	TreeConstructionError: invalid chunk: {'i': 1, 'f': 15, 't': 'IP-MAT'}	0	0	0	1	0	0	0	1
8d24a63e-8478-409b-8d3a-61239aee89c4	tale_05.txt	Iauti oiuiuanti macacaitá irumo	6ab553b50d7977bbad0e89f1.json	6	2af1e87d-7516-4358-9555-5868db2f6149	Iáutí onhehẽ: Aramé iúre cẹ piãmo.	Jabuti disse: Então venha me buscar.				6	0	none	0	1	IP-MAT	0	root_only	no	TreeConstructionError: invalid chunk: {'i': 1, 'f': 6, 't': 'IP-MAT'}	0	0	0	1	0	0	0	1
8d24a63e-8478-409b-8d3a-61239aee89c4	tale_05.txt	Iauti oiuiuanti macacaitá irumo	6ab553b50d7977bbad0e89f1.json	7	a84b1578-7ff7-445b-bb35-970f4935a3ad	Macáca oiɨệ, puraçọ ɨuaté kẹtệ iáutí; aápe oxári ahé.	Macaco desceu, carregou cima para o jabuti; lá deixou ele.				9	0	none	0	1	IP-MAT	0	root_only	no	TreeConstructionError: invalid chunk: {'i': 1, 'f': 9, 't': 'IP-MAT'}	0	0	0	1	0	0	0	1
8d24a63e-8478-409b-8d3a-61239aee89c4	tale_05.txt	Iauti oiuiuanti macacaitá irumo	6ab553b50d7977bbad0e89f1.json	8	d16fe8bc-ba16-4eca-9b06-a714fddd0e7f	Iáutí opɨta ápe mocoĩ ára riré, intí quáu oɨé rẹcệ.	O jabuti permaneceu ali dois dias depois, não poder descer por.				10	0	none	0	1	IP-MAT	0	root_only	no	TreeConstructionError: invalid chunk: {'i': 1, 'f': 10, 't': 'IP-MAT'}	0	0	0	1	0	0	0	1
0c5b28f2-d5af-4b5e-8869-8754c41496dc	tale_06.txt	Iauti iuiri iauaraeté	6ab549a40d7977bbad0e89ee.json	1	9f5e44d3-45a4-4a05-b288-44e914b7fc21	Iauti iuiri iauaraeté	Jabuti e de novo a onça				3	0	none	0	1	IP-MAT	0	root_only	no	TreeConstructionError: invalid chunk: {'i': 1, 'f': 3, 't': 'IP-MAT'}	3	0	0	1	0	0	0	1
0c5b28f2-d5af-4b5e-8869-8754c41496dc	tale_06.txt	Iauti iuiri iauaraeté	6ab549a40d7977bbad0e89ee.json	2	9c706ffa-b922-4395-9e0b-064ed5785d80	Iauaraẹtệ oiuquáu árúpi.	A onça apareceu por ali.				3	0	none	0	1	IP-MAT	0	root_only	no	TreeConstructionError: invalid chunk: {'i': 1, 'f': 3, 't': 'IP-MAT'}	0	0	0	1	0	0	0	1
0c5b28f2-d5af-4b5e-8869-8754c41496dc	tale_06.txt	Iauti iuiri iauaraeté	6ab549a40d7977bbad0e89ee.json	3	becfea0e-c3df-4547-bfa1-a2760960bcf1	Iauaraẹtệ omahã ɨuaté kẹtệ xipiá iáutí teté, onhehẽ quaié: — O' iáutí, mahá rupí rẹiupíri?	A onça olhou cima para viu o jabuti coitado, disse assim: — O' jabuti, por onde  tu subistes?				15	0	none	0	1	IP-MAT	0	root_only	no	TreeConstructionError: invalid chunk: {'i': 1, 'f': 15, 't': 'IP-MAT'}	0	0	0	1	0	0	0	1
0c5b28f2-d5af-4b5e-8869-8754c41496dc	tale_06.txt	Iauti iuiri iauaraeté	6ab549a40d7977bbad0e89ee.json	4	74c898b6-e8dd-4d37-9086-8ee5dc3012cf	Iáutí oçuaxára: — I ɨuá ɨua rupí.	Jabuti respondeu: — Esta de fruta árvore por.				7	0	none	0	1	IP-MAT	0	root_only	no	TreeConstructionError: invalid chunk: {'i': 1, 'f': 7, 't': 'IP-MAT'}	0	0	0	1	0	0	0	1
0c5b28f2-d5af-4b5e-8869-8754c41496dc	tale_06.txt	Iauti iuiri iauaraeté	6ab549a40d7977bbad0e89ee.json	5	f004a408-646d-4cf2-a7e4-dea149c84815	Iauaraẹtệ iumacɨçáua irúmo, onhehẽ: — Rẹoiệãna!	A onça fome com, replicou: — Desça!				6	0	none	0	1	IP-MAT	0	root_only	no	TreeConstructionError: invalid chunk: {'i': 1, 'f': 6, 't': 'IP-MAT'}	0	0	0	1	0	0	0	1
0c5b28f2-d5af-4b5e-8869-8754c41496dc	tale_06.txt	Iauti iuiri iauaraeté	6ab549a40d7977bbad0e89ee.json	6	5a48a599-900a-4d34-8c90-ef113c26cc31	Iáutí quaí onhehẽ: — Rẹçuantí ixệ aápe; rẹpirári nẹ iúrú, intí arãma xa ári ɨuɨpe.	O jabuti assim falou: Apare me lá; abra a tua boca, não para que eu caia chão no.				15	0	none	0	1	IP-MAT	0	root_only	no	TreeConstructionError: invalid chunk: {'i': 1, 'f': 15, 't': 'IP-MAT'}	0	0	0	1	0	0	0	1
0c5b28f2-d5af-4b5e-8869-8754c41496dc	tale_06.txt	Iauti iuiri iauaraeté	6ab549a40d7977bbad0e89ee.json	7	196b8690-144d-4260-b24d-b3ec4ed4c39d	Iáutí opúrianã, otucá iauaraẹtệ tim; omanũ iuruparí.	O jabuti pulou, foi de encontro da onça ao focinho; morreu a diaba.				7	0	none	0	1	IP-MAT	0	root_only	no	TreeConstructionError: invalid chunk: {'i': 1, 'f': 7, 't': 'IP-MAT'}	0	0	0	1	0	0	0	1
0c5b28f2-d5af-4b5e-8869-8754c41496dc	tale_06.txt	Iauti iuiri iauaraeté	6ab549a40d7977bbad0e89ee.json	8	0e5c1a8d-d347-4c65-a8a0-955ad6158032	Iáutí oçarú nhum iúca riré ãna, oiuúca ãna i mẹmɨ.	O jabuti esperou até apodrecer depois de, e tirou sua flauta.				10	0	none	0	1	IP-MAT	0	root_only	no	TreeConstructionError: invalid chunk: {'i': 1, 'f': 10, 't': 'IP-MAT'}	0	0	0	1	0	0	0	1
0c5b28f2-d5af-4b5e-8869-8754c41496dc	tale_06.txt	Iauti iuiri iauaraeté	6ab549a40d7977bbad0e89ee.json	9	74097e5b-a284-4fe5-ab93-91ddbe88461d	Aramé iáutí oçộ anã, opeiú i mẹmɨ, quaié onheengári: — Iauaraẹtệ cãuệra ceremẹ mɨ'.	Então o jabuti foi-se, tocava sua flauta, assim cantava: — Da onça o osso e a minha flauta.				14	0	none	0	1	IP-MAT	0	root_only	no	TreeConstructionError: invalid chunk: {'i': 1, 'f': 14, 't': 'IP-MAT'}	0	0	0	1	0	0	0	1
0c5b28f2-d5af-4b5e-8869-8754c41496dc	tale_06.txt	Iauti iuiri iauaraeté	6ab549a40d7977bbad0e89ee.json	10	1263a673-b89b-455f-9dd2-1f5e30c4e012	— ih!	— ih!				2	0	none	0	1	IP-MAT	0	root_only	no	TreeConstructionError: invalid chunk: {'i': 1, 'f': 2, 't': 'IP-MAT'}	0	0	0	1	0	0	0	1
0c5b28f2-d5af-4b5e-8869-8754c41496dc	tale_06.txt	Iauti iuiri iauaraeté	6ab549a40d7977bbad0e89ee.json	11	bceb1d35-05ba-46d3-b88d-41b920877de8	— ih?	— ih?				2	0	none	0	1	IP-MAT	0	root_only	no	TreeConstructionError: invalid chunk: {'i': 1, 'f': 2, 't': 'IP-MAT'}	0	0	0	1	0	0	0	1
5fff7ab6-d724-49e6-a5e6-b75f9d5e2f0b	tale_12a.txt	Çuaçu iauareté	6ab545c80d7977bbad0e89e2.json	1	0362064f-27ee-4672-9171-93ef748680c5	Çuaçu iauareté	O veado e a onça				2	0	none	0	1	IP-MAT	0	root_only	no	TreeConstructionError: invalid chunk: {'i': 1, 'f': 2, 't': 'IP-MAT'}	2	0	0	1	0	0	0	1
5fff7ab6-d724-49e6-a5e6-b75f9d5e2f0b	tale_12a.txt	Çuaçu iauareté	6ab545c80d7977bbad0e89e2.json	2	1b5ccedf-35b8-4f10-b61c-59f832d3456d	Çuaçú onhehẽ: — Ixệ xa çaçáu xa ikộ murakɨ; xa çộ xa cicári tendáua catú xa munhã arãma cẹ róca.	O veado disse: — Eu estou passando muito trabalho e por isso vou ver um lugar para fazer minha casa.				20	0	none	0	1	IP-MAT	0	root_only	no	TreeConstructionError: invalid chunk: {'i': 1, 'f': 20, 't': 'IP-MAT'}	20	0	0	1	0	0	0	1
5fff7ab6-d724-49e6-a5e6-b75f9d5e2f0b	tale_12a.txt	Çuaçu iauareté	6ab545c80d7977bbad0e89e2.json	3	a932bd8b-2e53-44c9-afee-6724c3445f6f	Oçộ ãna paraná remeɨua rupí, uacẽmo tendáua catú, onhehẽ: — Ikệ tenhẽ a munhã cẹ rúca (róca).	Foi pela beira do rio, achou um lugar bom e disse: — É aqui mesmo.				17	0	none	0	1	IP-MAT	0	root_only	no	TreeConstructionError: invalid chunk: {'i': 1, 'f': 17, 't': 'IP-MAT'}	0	0	0	1	0	0	0	1
5fff7ab6-d724-49e6-a5e6-b75f9d5e2f0b	tale_12a.txt	Çuaçu iauareté	6ab545c80d7977bbad0e89e2.json	4	723682c3-e671-499e-9879-c42fa572a4ac	Iauarẹtệ iuɨri onhehẽ: — Ixệ xa çaçáu xa ikộ murakɨ; xa çộ xa cicári tendáua catú xa munhã arãma cẹ rộca.	A onça também disse: — Eu estou passando muito trabalho, e por isso vou procurar lugar para fazer minha casa.				21	0	none	0	1	IP-MAT	0	root_only	no	TreeConstructionError: invalid chunk: {'i': 1, 'f': 21, 't': 'IP-MAT'}	0	0	0	1	0	0	0	1
5fff7ab6-d724-49e6-a5e6-b75f9d5e2f0b	tale_12a.txt	Çuaçu iauareté	6ab545c80d7977bbad0e89e2.json	5	c41990f0-4cf0-48d7-9471-7e2ff542e07c	Oçộ ãna paraná remeɨua rupí, ocɨka mamé çuaçú parauáka, onhehẽ: — Ikệ tenhẽ xa munhã cẹ rộca.	Saiu e, chegando ao mesmo lugar que o veado havia escolhido, disse: — Que bom lugar, aqui vou fazer minha casa.				17	0	none	0	1	IP-MAT	0	root_only	no	TreeConstructionError: invalid chunk: {'i': 1, 'f': 17, 't': 'IP-MAT'}	0	0	0	1	0	0	0	1
5fff7ab6-d724-49e6-a5e6-b75f9d5e2f0b	tale_12a.txt	Çuaçu iauareté	6ab545c80d7977bbad0e89e2.json	6	bbec897e-a3e8-4f9b-b9c1-dfe219df7fe8	Amú ára upé çuaçú oiúɨri, ocupíri, oiúpirú arãma: oçộ ãna.	No dia seguinte veio o veado, capinou e roçou o lugar.				10	0	none	0	1	IP-MAT	0	root_only	no	TreeConstructionError: invalid chunk: {'i': 1, 'f': 10, 't': 'IP-MAT'}	0	0	0	1	0	0	0	1
5fff7ab6-d724-49e6-a5e6-b75f9d5e2f0b	tale_12a.txt	Çuaçu iauareté	6ab545c80d7977bbad0e89e2.json	7	208d070e-bad1-4566-976f-e5092aceb820	Amú ára opé iauárẹtệ oúri, omahã ramé tenáua oiúcupíri ãna, onhehẽ: — Tupãna opuraukệ oikộ ixệ arãma.	No outro dia veio a onça e disse: — Tupã está me ajudando.				17	0	none	0	1	IP-MAT	0	root_only	no	TreeConstructionError: invalid chunk: {'i': 1, 'f': 17, 't': 'IP-MAT'}	0	0	0	1	0	0	0	1
5fff7ab6-d724-49e6-a5e6-b75f9d5e2f0b	tale_12a.txt	Çuaçu iauareté	6ab545c80d7977bbad0e89e2.json	8	ba5e609d-72f3-40a8-8cb4-32d55e4b41dd	Iatɨcá tiãnha, oiúpirú úca (óca), ariré oçộ ãna.	Afincou as forquilhas, armou a casa.				8	0	none	0	1	IP-MAT	0	root_only	no	TreeConstructionError: invalid chunk: {'i': 1, 'f': 8, 't': 'IP-MAT'}	0	0	0	1	0	0	0	1
5fff7ab6-d724-49e6-a5e6-b75f9d5e2f0b	tale_12a.txt	Çuaçu iauareté	6ab545c80d7977bbad0e89e2.json	9	6e5e5ec4-0d12-4f6a-ba61-2fbc157f5d0f	Amú ára riré çuaçú oúri, onhehẽ: — Tupãna opuraukệ oikộ ixệ arãma.	No outro dia veio o veado e disse: — Tupã está me ajudando.				12	0	none	0	1	IP-MAT	0	root_only	no	TreeConstructionError: invalid chunk: {'i': 1, 'f': 12, 't': 'IP-MAT'}	0	0	0	1	0	0	0	1
5fff7ab6-d724-49e6-a5e6-b75f9d5e2f0b	tale_12a.txt	Çuaçu iauareté	6ab545c80d7977bbad0e89e2.json	10	b6121a09-7184-433e-860e-40a40346634c	Pupéca ậna óca, omunhã mukuĩ ocapí; iépé ixupé; amũ Tupãna çupé; oçộ ãna.	Cobriu a casa e fez dois cômodos: um para si, outro para Tupã.				13	0	none	0	1	IP-MAT	0	root_only	no	TreeConstructionError: invalid chunk: {'i': 1, 'f': 13, 't': 'IP-MAT'}	0	0	0	1	0	0	0	1
5fff7ab6-d724-49e6-a5e6-b75f9d5e2f0b	tale_12a.txt	Çuaçu iauareté	6ab545c80d7977bbad0e89e2.json	11	9f34da9c-f21c-4be3-9c04-e25a27d51297	Amú ára opé, iauáraẹtệ omahã ramé opáua ãna óca, onhehẽ: — Tupãna çupé qué catú rẹtệ.	No outro dia, a onça achando a casa pronta, disse: — 				16	0	none	0	1	IP-MAT	0	root_only	no	TreeConstructionError: invalid chunk: {'i': 1, 'f': 16, 't': 'IP-MAT'}	0	0	0	1	0	0	0	1
5fff7ab6-d724-49e6-a5e6-b75f9d5e2f0b	tale_12a.txt	Çuaçu iauareté	6ab545c80d7977bbad0e89e2.json	12	903ae4eb-a18c-45eb-a0dc-f2a90a5ac103	Opɨtá iépé oçapɨ upé, okệri úana (ãna).	Ocupou um cômodo, e pôs-se a dormir.				7	0	none	0	1	IP-MAT	0	root_only	no	TreeConstructionError: invalid chunk: {'i': 1, 'f': 7, 't': 'IP-MAT'}	0	0	0	1	0	0	0	1
5fff7ab6-d724-49e6-a5e6-b75f9d5e2f0b	tale_12a.txt	Çuaçu iauareté	6ab545c80d7977bbad0e89e2.json	13	c2b9f682-6299-41a9-943f-5a0f6e6e3f31	Amú ára upé çuaçú oúri, opɨtá amú ocapí upé; okệri uãna (ãna).	No outro dia veio o veado, e ocupou o outro cômodo.				12	0	none	0	1	IP-MAT	0	root_only	no	TreeConstructionError: invalid chunk: {'i': 1, 'f': 12, 't': 'IP-MAT'}	0	0	0	1	0	0	0	1
5fff7ab6-d724-49e6-a5e6-b75f9d5e2f0b	tale_12a.txt	Çuaçu iauareté	6ab545c80d7977bbad0e89e2.json	14	31a9ea8d-bc6b-4463-a8e6-eb4321bb276c	Amú ára opé aitá opáca; aitá oiumahã ramé, iauáraẹtệ onhehẽ çuaçú çupé: — Indệ será repuraukệ uahá cẹ irúmo?	No outro dia acordaram-se, e quando avistaram-se, a onça disse ao veado: — Era você que estava me ajudando?				19	0	none	0	1	IP-MAT	0	root_only	no	TreeConstructionError: invalid chunk: {'i': 1, 'f': 19, 't': 'IP-MAT'}	0	0	0	1	0	0	0	1
5fff7ab6-d724-49e6-a5e6-b75f9d5e2f0b	tale_12a.txt	Çuaçu iauareté	6ab545c80d7977bbad0e89e2.json	15	920a32e2-44ee-4c10-8bb3-a22e25b6a200	Çuaçú oçuaxára: — Ixệ ahé tenhẽ.	O veado respondeu: — Era eu mesmo.				6	0	none	0	1	IP-MAT	0	root_only	no	TreeConstructionError: invalid chunk: {'i': 1, 'f': 6, 't': 'IP-MAT'}	0	0	0	1	0	0	0	1
5fff7ab6-d724-49e6-a5e6-b75f9d5e2f0b	tale_12a.txt	Çuaçu iauareté	6ab545c80d7977bbad0e89e2.json	16	b1654478-814a-44f0-9787-af5257c50d66	Iauáraẹtệ onhehẽ: — Cuhɨre iaçộ iapɨtá iépé açú.	A onça disse: — Pois bem, agora vamos morar juntos.				8	0	none	0	1	IP-MAT	0	root_only	no	TreeConstructionError: invalid chunk: {'i': 1, 'f': 8, 't': 'IP-MAT'}	0	0	0	1	0	0	0	1
5fff7ab6-d724-49e6-a5e6-b75f9d5e2f0b	tale_12a.txt	Çuaçu iauareté	6ab545c80d7977bbad0e89e2.json	17	d95640ff-8bfa-40b2-be55-d97b98c39c5e	Çuaçú oçuaxára: — Iaçộ.	O veado disse: — Vamos.				4	0	none	0	1	IP-MAT	0	root_only	no	TreeConstructionError: invalid chunk: {'i': 1, 'f': 4, 't': 'IP-MAT'}	0	0	0	1	0	0	0	1
5fff7ab6-d724-49e6-a5e6-b75f9d5e2f0b	tale_12a.txt	Çuaçu iauareté	6ab545c80d7977bbad0e89e2.json	18	0c1aac26-6b34-47b8-b760-b6f41c465dd5	Amú ára upé iauáraẹtệ onhehẽ: — Xa çộ xa cahámunũ.	No outro dia a onça disse: — Eu vou caçar.				10	0	none	0	1	IP-MAT	0	root_only	no	TreeConstructionError: invalid chunk: {'i': 1, 'f': 10, 't': 'IP-MAT'}	0	0	0	1	0	0	0	1
5fff7ab6-d724-49e6-a5e6-b75f9d5e2f0b	tale_12a.txt	Çuaçu iauareté	6ab545c80d7977bbad0e89e2.json	19	83b9d51f-2ac6-4ea9-8248-fd9de61cf83d	Indệ rẹiúcí quahá mɨrá rupitá itá; rerúri ɨ, iệpệá, maharẹcệ, xa cɨca curí ramé, cẹ iúmacɨ curí xa ikộ.	Você limpe os tocos, veja água, lenha, que eu ei de chegar com fome.				19	0	none	0	1	IP-MAT	0	root_only	no	TreeConstructionError: invalid chunk: {'i': 1, 'f': 19, 't': 'IP-MAT'}	0	0	0	1	0	0	0	1
5fff7ab6-d724-49e6-a5e6-b75f9d5e2f0b	tale_12a.txt	Çuaçu iauareté	6ab545c80d7977bbad0e89e2.json	20	dad1d196-3371-4730-b241-1db5c36c8782	Oçộ cahá munú arãma, oiucá iepé çuaçú, orúri óca kití (kẹtệ), onhehẽ i irumuára çupé: — Rẹmungaturú ia u arãma.	Foi caçar, matou um veado muito grande, trouxe para casa e disse ao seu companheiro: — Apronta para nós jantarmos.				20	0	none	0	1	IP-MAT	0	root_only	no	TreeConstructionError: invalid chunk: {'i': 1, 'f': 20, 't': 'IP-MAT'}	0	0	0	1	0	0	0	1
5fff7ab6-d724-49e6-a5e6-b75f9d5e2f0b	tale_12a.txt	Çuaçu iauareté	6ab545c80d7977bbad0e89e2.json	21	6c628a2c-ab7f-477f-b04f-adee841fe846	Çúaçú omungaturuãna; çaciára oikộ; intí óú; pitúna ocɨka ramé, intí okệri, ocekɨié oikộ iauáraẹtệ rẹcệ.	O veado aprontou, mas estava triste, não quis comer, e de noite não dormiu com medo de que a onça o pegasse.				15	0	none	0	1	IP-MAT	0	root_only	no	TreeConstructionError: invalid chunk: {'i': 1, 'f': 15, 't': 'IP-MAT'}	0	0	0	1	0	0	0	1
5fff7ab6-d724-49e6-a5e6-b75f9d5e2f0b	tale_12a.txt	Çuaçu iauareté	6ab545c80d7977bbad0e89e2.json	22	cb0456c8-5d58-4643-81ba-567e17b05e1d	Amú ára upé, çuaçú oçộ cahamunũ, oiúiúantí amú iauáraẹtệ irúmo; ariré oiúiúantí tamanduá irúmo, onhehẽ tamanduá çupé: — Iauáraẹtệ onhehẽ oikộ puxí catú nẹ rẹcệ.	No outro dia o veado foi caçar, encontrou-se com outra onça grande e depois com um tamanduá; e disse ao tamanduá: — Onça está ali falando mal de você.				25	0	none	0	1	IP-MAT	0	root_only	no	TreeConstructionError: invalid chunk: {'i': 1, 'f': 25, 't': 'IP-MAT'}	0	0	0	1	0	0	0	1
5fff7ab6-d724-49e6-a5e6-b75f9d5e2f0b	tale_12a.txt	Çuaçu iauareté	6ab545c80d7977bbad0e89e2.json	23	f82ee2d7-afce-4461-a01d-6b6f09333c6d	Tamanduá oúri, uacệmo iauáraẹtệ ocarậĩn mɨrá, ocɨka i cupé rupí meué rupí, oiúimána ahé, omunệu i pộampé; iauáraẹtệ amanũãna.	O tamanduá veio, achou a onça arranhando um pau, chegou por trás devagar, deu-lhe um abraço, meteu-lhe a unha, a onça morreu.				19	0	none	0	1	IP-MAT	0	root_only	no	TreeConstructionError: invalid chunk: {'i': 1, 'f': 19, 't': 'IP-MAT'}	0	0	0	1	0	0	0	1
5fff7ab6-d724-49e6-a5e6-b75f9d5e2f0b	tale_12a.txt	Çuaçu iauareté	6ab545c80d7977bbad0e89e2.json	24	154482e8-907c-4b18-95bc-d57b9c1fefe1	Çuaçú oraçộ-ãna iauáratệ çóka kẹtệ, onhehẽ irúmoára çupé: — Kúçukúi uãna; rẹmungaturú iáú arãma.	O veado a levou para casa, e disse a sua companheira: — Aqui está; apronta para nós jantarmos.				14	0	none	0	1	IP-MAT	0	root_only	no	TreeConstructionError: invalid chunk: {'i': 1, 'f': 14, 't': 'IP-MAT'}	0	0	0	1	0	0	0	1
5fff7ab6-d724-49e6-a5e6-b75f9d5e2f0b	tale_12a.txt	Çuaçu iauareté	6ab545c80d7977bbad0e89e2.json	25	70f2faa7-8b06-43e8-9611-fe58ee6abe7a	Iauáratệ omungaturú ãna, intí óú; oçaciára oikộ.	A onça aprontou, mas não jantou e estava triste.				7	0	none	0	1	IP-MAT	0	root_only	no	TreeConstructionError: invalid chunk: {'i': 1, 'f': 7, 't': 'IP-MAT'}	0	0	0	1	0	0	0	1
5fff7ab6-d724-49e6-a5e6-b75f9d5e2f0b	tale_12a.txt	Çuaçu iauareté	6ab545c80d7977bbad0e89e2.json	26	c5e9cc0d-de63-47f6-b759-cb02ebdffbff	Pitúna ocɨka ramé, aitá intí okệri quáu.	Quando chegou a noite os dois no dormiam.				7	0	none	0	1	IP-MAT	0	root_only	no	TreeConstructionError: invalid chunk: {'i': 1, 'f': 7, 't': 'IP-MAT'}	0	0	0	1	0	0	0	1
5fff7ab6-d724-49e6-a5e6-b75f9d5e2f0b	tale_12a.txt	Çuaçu iauareté	6ab545c80d7977bbad0e89e2.json	27	02c2fee1-d6cb-4129-880b-8273a0073703	Aitá oiúcɨkiié oikộ amú çuí; çuaçú omãiậna iauáratệ, iauáratệ omãiậna çuaçú.	A onça espiando o veado, o veado espiando a onça.				11	0	none	0	1	IP-MAT	0	root_only	no	TreeConstructionError: invalid chunk: {'i': 1, 'f': 11, 't': 'IP-MAT'}	0	0	0	1	0	0	0	1
5fff7ab6-d724-49e6-a5e6-b75f9d5e2f0b	tale_12a.txt	Çuaçu iauareté	6ab545c80d7977bbad0e89e2.json	28	fcf978fb-bb14-4199-9170-cea73c04de98	Piçaié ramé aitá repocɨ ramé ãna, çuaçú akậnga otucá iurá rẹcệ.	A meia noite eles estavam com muito sono, a cabeça do veado esbarrou no giral, fez: tá!				11	0	none	0	1	IP-MAT	0	root_only	no	TreeConstructionError: invalid chunk: {'i': 1, 'f': 11, 't': 'IP-MAT'}	0	0	0	1	0	0	0	1
5fff7ab6-d724-49e6-a5e6-b75f9d5e2f0b	tale_12a.txt	Çuaçu iauareté	6ab545c80d7977bbad0e89e2.json	29	4757c7ba-3141-4f37-a887-990409a2334c	Iuarátệ opúri, ũiậna, omaité çuaçú oiucá putári ahé.	A onça, pensando que era o veado que já ia a matar, deu um pulo.				8	0	none	0	1	IP-MAT	0	root_only	no	TreeConstructionError: invalid chunk: {'i': 1, 'f': 8, 't': 'IP-MAT'}	0	0	0	1	0	0	0	1
5fff7ab6-d724-49e6-a5e6-b75f9d5e2f0b	tale_12a.txt	Çuaçu iauareté	6ab545c80d7977bbad0e89e2.json	30	5ba7fb63-8d77-4675-b54e-a1d8c01c2032	Quahá teapú ramé, çuaçú opáca, iacanhɨmu, opúri, ũiậna amú çuaxára kẹtệ.					11	0	none	0	1	IP-MAT	0	root_only	no	TreeConstructionError: invalid chunk: {'i': 1, 'f': 11, 't': 'IP-MAT'}	11	0	0	0	0	0	0	1
5fff7ab6-d724-49e6-a5e6-b75f9d5e2f0b	tale_12a.txt	Çuaçu iauareté	6ab545c80d7977bbad0e89e2.json	31	60878e06-4741-47d0-853e-8d19efe71d56	A itá oiauáu ãna.	Ambos fugiram.				4	0	none	0	1	IP-MAT	0	root_only	no	TreeConstructionError: invalid chunk: {'i': 1, 'f': 4, 't': 'IP-MAT'}	0	0	0	1	0	0	0	1
a1a2b07d-b997-462e-879b-0e5992a233a9	tale_12b.txt	Çuaçu iauareté II	6ab545d80d7977bbad0e89e3.json	1	e5bf6d37-1358-40db-96d3-5704c03e02ec	Çuaçu iauareté II	O vendo e a onça II				3	0	none	0	1	IP-MAT	0	root_only	no	TreeConstructionError: invalid chunk: {'i': 1, 'f': 3, 't': 'IP-MAT'}	3	0	0	1	0	0	0	1
a1a2b07d-b997-462e-879b-0e5992a233a9	tale_12b.txt	Çuaçu iauareté II	6ab545d80d7977bbad0e89e3.json	2	d438f9ce-8a1f-4908-b401-48307a3deda1	Çuaçú oçộ opɨtá arãma iauára róca upé.	O veado foi morar em companhia do cachorro.				7	0	none	0	1	IP-MAT	0	root_only	no	TreeConstructionError: invalid chunk: {'i': 1, 'f': 7, 't': 'IP-MAT'}	0	0	0	1	0	0	0	1
a1a2b07d-b997-462e-879b-0e5992a233a9	tale_12b.txt	Çuaçu iauareté II	6ab545d80d7977bbad0e89e3.json	3	fcfb9d4f-7e92-486c-822c-e9437b880993	Amú acaiú upé, iauáratệ ocɨka iúɨri iauára róça úpe, opɨtậ arãma ahé irúmo.	Passado muito tempo, a onça também foi morar lá, porque o veado já havia esquecido dela.				13	0	none	0	1	IP-MAT	0	root_only	no	TreeConstructionError: invalid chunk: {'i': 1, 'f': 13, 't': 'IP-MAT'}	0	0	0	1	0	0	0	1
a1a2b07d-b997-462e-879b-0e5992a233a9	tale_12b.txt	Çuaçu iauareté II	6ab545d80d7977bbad0e89e3.json	4	b21afa5e-e019-4345-9f1e-b7c3db715bc8	A itá oçộ cahamunũ.	No outro dia foram caçar.				4	0	none	0	1	IP-MAT	0	root_only	no	TreeConstructionError: invalid chunk: {'i': 1, 'f': 4, 't': 'IP-MAT'}	0	0	0	1	0	0	0	1
a1a2b07d-b997-462e-879b-0e5992a233a9	tale_12b.txt	Çuaçu iauareté II	6ab545d80d7977bbad0e89e3.json	5	f318b8f8-bf34-41c3-bb91-4241fd01acdd	Iauaratệ opɨcɨka putári iauára, oiucá arãma áhé.	A onça queria pegar o cachorro.				7	0	none	0	1	IP-MAT	0	root_only	no	TreeConstructionError: invalid chunk: {'i': 1, 'f': 7, 't': 'IP-MAT'}	0	0	0	1	0	0	0	1
a1a2b07d-b997-462e-879b-0e5992a233a9	tale_12b.txt	Çuaçu iauareté II	6ab545d80d7977bbad0e89e3.json	6	3446ea59-7603-4460-b318-771615d13b0a	Iauára oiuɨre ramé, caarúca ramé, orúri ximiára-mirĩ-itá: acutí, páca, tatú, inanbú.	O cachorro de tarde, quando voltou, trouxe caça pequena, cutia, paca, tatu e inhambu.				11	0	none	0	1	IP-MAT	0	root_only	no	TreeConstructionError: invalid chunk: {'i': 1, 'f': 11, 't': 'IP-MAT'}	0	0	0	1	0	0	0	1
a1a2b07d-b997-462e-879b-0e5992a233a9	tale_12b.txt	Çuaçu iauareté II	6ab545d80d7977bbad0e89e3.json	7	a8a5c8bd-6615-40f4-9aad-d1fd38d38bc2	Aitá óú ãna, ariré aitá oçộ ouímuçaraĩ.	Jantaram e depois de jantar foram jogar.				7	0	none	0	1	IP-MAT	0	root_only	no	TreeConstructionError: invalid chunk: {'i': 1, 'f': 7, 't': 'IP-MAT'}	0	0	0	1	0	0	0	1
a1a2b07d-b997-462e-879b-0e5992a233a9	tale_12b.txt	Çuaçu iauareté II	6ab545d80d7977bbad0e89e3.json	8	b8913d2e-e658-4501-bd60-860967ae5a10	Iauaratệ oíumuçaráĩ ramé, onhehẽ: — Intí xa pɨcɨka quáu mahã xa cahamunũ xa ikộ.	A onça jogava e dizia: — O que eu cacei não pude pegar.				14	0	none	0	1	IP-MAT	0	root_only	no	TreeConstructionError: invalid chunk: {'i': 1, 'f': 14, 't': 'IP-MAT'}	0	0	0	1	0	0	0	1
a1a2b07d-b997-462e-879b-0e5992a233a9	tale_12b.txt	Çuaçu iauareté II	6ab545d80d7977bbad0e89e3.json	9	6e962ed6-1a30-49ae-9adc-27b1529c8501	Iauára oiumuçaraĩ ramé, onhehẽ: — Auá orekộ cetimã iatúca intí cahamunũ quáu.	O cachorro jogava e dizia: — Quem tem perna curta não deve caçar.				12	0	none	0	1	IP-MAT	0	root_only	no	TreeConstructionError: invalid chunk: {'i': 1, 'f': 12, 't': 'IP-MAT'}	0	0	0	1	0	0	0	1
a1a2b07d-b997-462e-879b-0e5992a233a9	tale_12b.txt	Çuaçu iauareté II	6ab545d80d7977bbad0e89e3.json	10	44efd5a9-92a4-4e8b-9c94-14b81ff52d82	Aitá omuçaraĩ ramé iaué, iauaratệ opúri iauára rẹcệ; iauára, çuaçú, oiauáu ãna; iauaratệ opicɨka ramé çuaçú, quahá oiệrệo itá arãma.	Assim jogaram até que a onça saltou no cachorro, o cachorro e o veado fugiram, a onça seguiu atrás e, quando pegou o veado, este virou pedra.				20	0	none	0	1	IP-MAT	0	root_only	no	TreeConstructionError: invalid chunk: {'i': 1, 'f': 20, 't': 'IP-MAT'}	0	0	0	1	0	0	0	1
a1a2b07d-b997-462e-879b-0e5992a233a9	tale_12b.txt	Çuaçu iauareté II	6ab545d80d7977bbad0e89e3.json	11	60698338-8320-46dc-a5e2-545e33aac424	Iauára oiaçáu çuá indá kẹtệ, onhehẽ iauaratệ çupé: — Rệu putári ramé ixệ, rẹiapí nhahã itá cẹ rẹcệ.	O cachorro atravessou um rio, e disse para a onça: — Agora se queres me pegar, só se me jogares uma pedra.				18	0	none	0	1	IP-MAT	0	root_only	no	TreeConstructionError: invalid chunk: {'i': 1, 'f': 18, 't': 'IP-MAT'}	0	0	0	1	0	0	0	1
a1a2b07d-b997-462e-879b-0e5992a233a9	tale_12b.txt	Çuaçu iauareté II	6ab545d80d7977bbad0e89e3.json	12	07e58c80-8dc6-44d3-8997-4386e6d11f0c	Iauaratệ opɨcɨka itá; oiapí iauára rẹcệ.	A onça agarrou na pedra e jogou.				6	0	none	0	1	IP-MAT	0	root_only	no	TreeConstructionError: invalid chunk: {'i': 1, 'f': 6, 't': 'IP-MAT'}	0	0	0	1	0	0	0	1
a1a2b07d-b997-462e-879b-0e5992a233a9	tale_12b.txt	Çuaçu iauareté II	6ab545d80d7977bbad0e89e3.json	13	4d729d0c-edeb-49e7-b634-88da4365264a	Itá oári ramé amú çuaxára ápe, oçaçẽma: — Mé!...	Quando a pedra caiu na outra banda gritou: — Mé!...				9	0	none	0	1	IP-MAT	0	root_only	no	TreeConstructionError: invalid chunk: {'i': 1, 'f': 9, 't': 'IP-MAT'}	0	0	0	1	0	0	0	1
a1a2b07d-b997-462e-879b-0e5992a233a9	tale_12b.txt	Çuaçu iauareté II	6ab545d80d7977bbad0e89e3.json	14	cc198d1e-735e-48b1-a2a1-31174a3ec225	Oiệrệo iuɨre çuaçú arãma.	E virou outra vez em veado.				4	0	none	0	1	IP-MAT	0	root_only	no	TreeConstructionError: invalid chunk: {'i': 1, 'f': 4, 't': 'IP-MAT'}	0	0	0	1	0	0	0	1
a1a2b07d-b997-462e-879b-0e5992a233a9	tale_12b.txt	Çuaçu iauareté II	6ab545d80d7977bbad0e89e3.json	15	635e116a-6175-482b-b46e-09dd6c293954	A çui iauára opɨtá iauraté ruãĩậna arãma.	Foi daí que gerou-se a raiva do cachorro contra a onça.				7	0	none	0	1	IP-MAT	0	root_only	no	TreeConstructionError: invalid chunk: {'i': 1, 'f': 7, 't': 'IP-MAT'}	0	0	0	1	0	0	0	1
34ac4b6c-3636-40f3-bb22-3e385163f87a	tale_13a.txt	Cunhã mucu oço uahá ocicári mena	6ab5460f0d7977bbad0e89e5.json	1	789f4bf5-790b-470f-a27f-c2c09ef7664e	Cunhã mucu oço uahá ocucári mena	A moça vai que procurar marido				6	0	none	0	1	IP-MAT	0	root_only	no	TreeConstructionError: invalid chunk: {'i': 1, 'f': 6, 't': 'IP-MAT'}	6	0	0	1	0	0	0	1
34ac4b6c-3636-40f3-bb22-3e385163f87a	tale_13a.txt	Cunhã mucu oço uahá ocicári mena	6ab5460f0d7977bbad0e89e5.json	2	17cb346d-9cbe-4fbd-8f6d-3f82e3929f13	Cunhã-mucu mɨcura	A moça e o gambá				2	0	none	0	1	IP-MAT	0	root_only	no	TreeConstructionError: invalid chunk: {'i': 1, 'f': 2, 't': 'IP-MAT'}	2	0	0	1	0	0	0	1
34ac4b6c-3636-40f3-bb22-3e385163f87a	tale_13a.txt	Cunhã mucu oço uahá ocicári mena	6ab5460f0d7977bbad0e89e5.json	3	00cb7a2e-77d7-4a54-b7e7-72c5c6318c20	Oiepé cunhã mucú onhehẽ i cɨ çupé: — Xa çộ xa cicári cẹ mẽna, xa purarári rẹtệ iúmacɨ.	Uma moça disse sua mãe à: — Eu vou procurar um marido, eu estou padecendo muito de fome.				18	0	none	0	1	IP-MAT	0	root_only	no	TreeConstructionError: invalid chunk: {'i': 1, 'f': 18, 't': 'IP-MAT'}	0	0	0	1	0	0	0	1
34ac4b6c-3636-40f3-bb22-3e385163f87a	tale_13a.txt	Cunhã mucu oço uahá ocicári mena	6ab5460f0d7977bbad0e89e5.json	4	1c3c95e6-7802-4101-a680-953faf0d2add	Ahé oçộ ãna, ocɨka uãna mamé oikộ moçapɨra pé, opuranú: — Mãháta inaié pé?	Ela foi-se, chegou aonde havia três caminhos, perguntou: — Qual será do inajé o caminho?				14	0	none	0	1	IP-MAT	0	root_only	no	TreeConstructionError: invalid chunk: {'i': 1, 'f': 14, 't': 'IP-MAT'}	0	0	0	1	0	0	0	1
34ac4b6c-3636-40f3-bb22-3e385163f87a	tale_13a.txt	Cunhã mucu oço uahá ocicári mena	6ab5460f0d7977bbad0e89e5.json	5	332cd27d-d6fc-487e-ab11-e41afe8dd541	Oiepé pé upé, ahé omahã inambú ráua; aramé ahé omaité uãna: — Quahá inaié pé.	Um caminho em, ela viu de inambús penas; então ela pensou: — Este é do inajé o caminho.				15	0	none	0	1	IP-MAT	0	root_only	no	TreeConstructionError: invalid chunk: {'i': 1, 'f': 15, 't': 'IP-MAT'}	0	0	0	1	0	0	0	1
34ac4b6c-3636-40f3-bb22-3e385163f87a	tale_13a.txt	Cunhã mucu oço uahá ocicári mena	6ab5460f0d7977bbad0e89e5.json	6	a3e04694-44fb-4e07-8d93-5a4d04860870	Oçộ uậna ahé rupí.	Foi-se ele sobre.				4	0	none	0	1	IP-MAT	0	root_only	no	TreeConstructionError: invalid chunk: {'i': 1, 'f': 4, 't': 'IP-MAT'}	0	0	0	1	0	0	0	1
34ac4b6c-3636-40f3-bb22-3e385163f87a	tale_13a.txt	Cunhã mucu oço uahá ocicári mena	6ab5460f0d7977bbad0e89e5.json	7	c8b81219-1deb-47db-a2f1-575bd994ae50	Opauçápe oiúiúantí ộca mamé oikộ oiepé uáimɨ uapɨca oikộ uahá tatá remehɨpe, onhehẽ: — Inệ será inaié cɨ?	No fim encontrou casa onde estava uma velha sentada, estava que do fogo na beira, disse: — Vocệ é do inajé mãe?				18	0	none	0	1	IP-MAT	0	root_only	no	TreeConstructionError: invalid chunk: {'i': 1, 'f': 18, 't': 'IP-MAT'}	0	0	0	1	0	0	0	1
34ac4b6c-3636-40f3-bb22-3e385163f87a	tale_13a.txt	Cunhã mucu oço uahá ocicári mena	6ab5460f0d7977bbad0e89e5.json	8	64cb1254-d2ef-4f0e-bcac-4af64867a9f9	Uáimĩ oçuaxára: — Ixệ ahé tenhẽ.	A velha respondeu: — Eu sou ela mesma.				6	0	none	0	1	IP-MAT	0	root_only	no	TreeConstructionError: invalid chunk: {'i': 1, 'f': 6, 't': 'IP-MAT'}	0	0	0	1	0	0	0	1
34ac4b6c-3636-40f3-bb22-3e385163f87a	tale_13a.txt	Cunhã mucu oço uahá ocicári mena	6ab5460f0d7977bbad0e89e5.json	9	8372b926-78a6-4c5b-ab5a-f41e766bdcd0	Cunhã mucú onhehẽ: — Xa iúre ahé pɨre xa mendári arãma ahé irúmo.	A moça disse: — Eu venho ele a eu casar para ele com.				13	0	none	0	1	IP-MAT	0	root_only	no	TreeConstructionError: invalid chunk: {'i': 1, 'f': 13, 't': 'IP-MAT'}	0	0	0	1	0	0	0	1
34ac4b6c-3636-40f3-bb22-3e385163f87a	tale_13a.txt	Cunhã mucu oço uahá ocicári mena	6ab5460f0d7977bbad0e89e5.json	10	84247d89-f0bd-4702-a0b4-184d908aefc2	Uáimĩ onhehẽ: — Cẹ mbɨra míra puxí rẹtệ ahé; aarệcệ xa çó xa iumími inệ.	A velha disse: — Meu filho é gente brava muito ele; por isso eu vou eu esconder você.				15	0	none	0	1	IP-MAT	0	root_only	no	TreeConstructionError: invalid chunk: {'i': 1, 'f': 15, 't': 'IP-MAT'}	0	0	0	1	0	0	0	1
34ac4b6c-3636-40f3-bb22-3e385163f87a	tale_13a.txt	Cunhã mucu oço uahá ocicári mena	6ab5460f0d7977bbad0e89e5.json	11	c59155da-4174-4981-bb28-43d61e3b57f5	Quahá uáimĩ intí inaié cɨ; mɨcúra cɨ ahé.	Esta velha não era do inajé mãe; do gambá era mãe ela.				8	0	none	0	1	IP-MAT	0	root_only	no	TreeConstructionError: invalid chunk: {'i': 1, 'f': 8, 't': 'IP-MAT'}	0	0	0	1	0	0	0	1
34ac4b6c-3636-40f3-bb22-3e385163f87a	tale_13a.txt	Cunhã mucu oço uahá ocicári mena	6ab5460f0d7977bbad0e89e5.json	12	de2cf387-e11f-4f38-9d45-456fba4cc2f7	Caarúka ramé i embɨra ocɨka uãna, orúri uãna ximiára, uirá itá.	Tarde à seu filho chegou, trouxe sua caça, pássaros.				11	0	none	0	1	IP-MAT	0	root_only	no	TreeConstructionError: invalid chunk: {'i': 1, 'f': 11, 't': 'IP-MAT'}	0	0	0	1	0	0	0	1
34ac4b6c-3636-40f3-bb22-3e385163f87a	tale_13a.txt	Cunhã mucu oço uahá ocicári mena	6ab5460f0d7977bbad0e89e5.json	13	43c29af7-1384-406a-8b24-6200738b5c96	I cɨ omungaturú aitá óú arãma.	Sua mãe aprontou eles comerem para.				6	0	none	0	1	IP-MAT	0	root_only	no	TreeConstructionError: invalid chunk: {'i': 1, 'f': 6, 't': 'IP-MAT'}	0	0	0	1	0	0	0	1
34ac4b6c-3636-40f3-bb22-3e385163f87a	tale_13a.txt	Cunhã mucu oço uahá ocicári mena	6ab5460f0d7977bbad0e89e5.json	14	e69dafc8-9696-4c1d-82c6-1f0c8c11457f	Aitá óú oikộ ramé i cɨ opuranú ixuí: — Ocɨka ramé oiepé amú tẹtãma uára, mãi tahá rệrekộ ahé?	Eles comendo estavam quando sua mãe perguntou a ele: — Chegasse se um de outra pátria habitante, como é que tu terias (tratarias) ele?				19	0	none	0	1	IP-MAT	0	root_only	no	TreeConstructionError: invalid chunk: {'i': 1, 'f': 19, 't': 'IP-MAT'}	0	0	0	1	0	0	0	1
34ac4b6c-3636-40f3-bb22-3e385163f87a	tale_13a.txt	Cunhã mucu oço uahá ocicári mena	6ab5460f0d7977bbad0e89e5.json	15	e833da9b-433a-44c4-b867-da313b944a6d	Mɨcúra oçuaxára: — Xa cenõĩ ahé óú arãma ianẹ irúmo.	O gambá respondeu: — Eu chamava ele comer para nós com.				10	0	none	0	1	IP-MAT	0	root_only	no	TreeConstructionError: invalid chunk: {'i': 1, 'f': 10, 't': 'IP-MAT'}	0	0	0	1	0	0	0	1
34ac4b6c-3636-40f3-bb22-3e385163f87a	tale_13a.txt	Cunhã mucu oço uahá ocicári mena	6ab5460f0d7977bbad0e89e5.json	16	cecbb87a-1e6f-4b3d-a85d-8e02234983c9	Aramé uáimĩ ocenõĩ cunhã mucú oiumími oikộ uahá.	Então a velha chamou a moça escondida estava que.				8	0	none	0	1	IP-MAT	0	root_only	no	TreeConstructionError: invalid chunk: {'i': 1, 'f': 8, 't': 'IP-MAT'}	0	0	0	1	0	0	0	1
34ac4b6c-3636-40f3-bb22-3e385163f87a	tale_13a.txt	Cunhã mucu oço uahá ocicári mena	6ab5460f0d7977bbad0e89e5.json	17	cae8d625-b131-402a-8105-80998d879443	Cunhã mucú óú ãna aitá irúmo; mɨcúra çộrí oikộ maharẹcệ cunhã mucú purãnga rẹtệ.	A moça comeu eles com, o gambá alegre estava porque a moça formosa era muito.				14	0	none	0	1	IP-MAT	0	root_only	no	TreeConstructionError: invalid chunk: {'i': 1, 'f': 14, 't': 'IP-MAT'}	0	0	0	1	0	0	0	1
34ac4b6c-3636-40f3-bb22-3e385163f87a	tale_13a.txt	Cunhã mucu oço uahá ocicári mena	6ab5460f0d7977bbad0e89e5.json	18	3dcc7c8b-b770-4899-9311-95a953350057	Pitúna opé, mɨcúra oçộ ramé okệri arãma cunhã mucú irúmo, ahé ompúãna ahé, onhehẽ: — Intí xa ienõ putári nẹ irúmo, maharecè inệma rẹtệ-inẹ!	Noite em, o gambá foi quando dormir para moça com, ela enxotou a ele, disse: — Não eu deitar quero tu com, porque catinguento muito é você!				24	0	none	0	1	IP-MAT	0	root_only	no	TreeConstructionError: invalid chunk: {'i': 1, 'f': 24, 't': 'IP-MAT'}	0	0	0	1	0	0	0	1
34ac4b6c-3636-40f3-bb22-3e385163f87a	tale_13a.txt	Cunhã mucu oço uahá ocicári mena	6ab5460f0d7977bbad0e89e5.json	19	6023cb3e-fdeb-42b8-86c0-34b02a8bd02b	Coẽma ramé, uáimĩ omundú ramé cunhã mucú oiuúca iepeá, cunhã mucú oiauáu ãna.	Manhã em, a velha mandou quando a moça tirar lenha, a moça fugiu.				13	0	none	0	1	IP-MAT	0	root_only	no	TreeConstructionError: invalid chunk: {'i': 1, 'f': 13, 't': 'IP-MAT'}	0	0	0	1	0	0	0	1
19484983-fa7f-4b69-996b-b97e1c6afda3	tale_13b.txt	Cunhã mucu oço uahá ocicári mena	6ab545f20d7977bbad0e89e4.json	1	20c73926-e500-4a76-8650-4cd2dd021c89	Cunhã mucu oço uahá ocucári mena	A moça vai que procurar marido				6	0	none	0	1	IP-MAT	0	root_only	no	TreeConstructionError: invalid chunk: {'i': 1, 'f': 6, 't': 'IP-MAT'}	6	0	0	1	0	0	0	1
19484983-fa7f-4b69-996b-b97e1c6afda3	tale_13b.txt	Cunhã mucu oço uahá ocicári mena	6ab545f20d7977bbad0e89e4.json	2	49d2c33d-57bb-462e-ba23-514822d150d9	CUNHÃ MUCU URUBU	A moça e o corvo				3	0	none	0	1	IP-MAT	0	root_only	no	TreeConstructionError: invalid chunk: {'i': 1, 'f': 3, 't': 'IP-MAT'}	0	0	0	1	0	0	0	1
19484983-fa7f-4b69-996b-b97e1c6afda3	tale_13b.txt	Cunhã mucu oço uahá ocicári mena	6ab545f20d7977bbad0e89e4.json	3	c6b9ac58-84dc-4088-8d4e-1ce413d3cc74	Ocɨka muçapɨra pé upé, oçộ amú rupí, ocɨka ộca upé, oiiúanti amú uáimĩ irúmo, opuranú ixuí: — Indẹ será inaié cɨ?	Chegou trệs caminhos em, e seguiu outro por, chegou casa em, encontrou outra velha com, perguntou a ela: — Tu és do inajé mãe?				21	0	none	0	1	IP-MAT	0	root_only	no	TreeConstructionError: invalid chunk: {'i': 1, 'f': 21, 't': 'IP-MAT'}	0	0	0	1	0	0	0	1
19484983-fa7f-4b69-996b-b97e1c6afda3	tale_13b.txt	Cunhã mucu oço uahá ocicári mena	6ab545f20d7977bbad0e89e4.json	4	dad61d1c-d0af-4564-976d-6b1086ce71ec	Uáimĩ oçuaxára: — Ixệ ahé tenhẽ.	A velha respondeu: — Eu sou ela mesmo.				6	0	none	0	1	IP-MAT	0	root_only	no	TreeConstructionError: invalid chunk: {'i': 1, 'f': 6, 't': 'IP-MAT'}	0	0	0	1	0	0	0	1
19484983-fa7f-4b69-996b-b97e1c6afda3	tale_13b.txt	Cunhã mucu oço uahá ocicári mena	6ab545f20d7977bbad0e89e4.json	5	f46d25ef-7cf6-45bd-8758-66aad9400e34	Cunhã mucú onhehẽ: — Xa iúre ahé pɨre, xa mendári arãma ahé irúmo.	A moça disse: — Eu venho ele a, eu casar para ele com.				13	0	none	0	1	IP-MAT	0	root_only	no	TreeConstructionError: invalid chunk: {'i': 1, 'f': 13, 't': 'IP-MAT'}	0	0	0	1	0	0	0	1
19484983-fa7f-4b69-996b-b97e1c6afda3	tale_13b.txt	Cunhã mucu oço uahá ocicári mena	6ab545f20d7977bbad0e89e4.json	6	f302fbf2-1be6-453b-bdf1-5c047535f57e	Uáimĩ onhehẽ: — Xa çộ xa iúmími indệ, cẹ embɨra míra puxí rẹtệ rẹcệ.	A velha disse: — Eu vou eu esconder vocệ, meu filho gente brava é muito porque.				14	0	none	0	1	IP-MAT	0	root_only	no	TreeConstructionError: invalid chunk: {'i': 1, 'f': 14, 't': 'IP-MAT'}	0	0	0	1	0	0	0	1
19484983-fa7f-4b69-996b-b97e1c6afda3	tale_13b.txt	Cunhã mucu oço uahá ocicári mena	6ab545f20d7977bbad0e89e4.json	7	4cfd89e0-762b-41ac-90e7-d1d5965069db	Quahá uáimĩ urubú cɨ.	Esta velha era do corvo a mãe.				4	0	none	0	1	IP-MAT	0	root_only	no	TreeConstructionError: invalid chunk: {'i': 1, 'f': 4, 't': 'IP-MAT'}	0	0	0	1	0	0	0	1
19484983-fa7f-4b69-996b-b97e1c6afda3	tale_13b.txt	Cunhã mucu oço uahá ocicári mena	6ab545f20d7977bbad0e89e4.json	8	247576fc-193b-4e8a-bd55-442ea5fa6f21	Caarúka ramé i embɨra ocíka, orúri ximiára: itápurú mirĩitá; onhehẽ i cɨ çupé: — Kuçukúi pirá mirĩtá, cẹ cɨ.	Tarde em seu filho chegou, trouxe sua caça: vermes pequenos; disse sua mãe a: — Eis aqui peixes pequenos, minha mãe.				19	0	none	0	1	IP-MAT	0	root_only	no	TreeConstructionError: invalid chunk: {'i': 1, 'f': 19, 't': 'IP-MAT'}	0	0	0	1	0	0	0	1
19484983-fa7f-4b69-996b-b97e1c6afda3	tale_13b.txt	Cunhã mucu oço uahá ocicári mena	6ab545f20d7977bbad0e89e4.json	9	356c5999-fc84-413c-bd08-15e78a49fc8a	I cɨ omungaturú ximiára; aitá óú oikộ ramé, ahé opuranú: — Auá çupé ocɨka uahá amú tẹtãma çuí, mãháta rẹmunhã ixupé?	Sua mãe aprontou a caça; eles comendo estavam quando, ela perguntou: — A quem chegar que de outra pátria, o que tu farás ele a?				21	0	none	0	1	IP-MAT	0	root_only	no	TreeConstructionError: invalid chunk: {'i': 1, 'f': 21, 't': 'IP-MAT'}	0	0	0	1	0	0	0	1
19484983-fa7f-4b69-996b-b97e1c6afda3	tale_13b.txt	Cunhã mucu oço uahá ocicári mena	6ab545f20d7977bbad0e89e4.json	10	abb19dea-4e17-4930-a6a7-07f052d53dec	Urubú oçuaxára: — Xa cenõĩ ahé óú arãma ianệ irúmo.	O corvo respondeu: — Eu chamava ele comer para nós com.				10	0	none	0	1	IP-MAT	0	root_only	no	TreeConstructionError: invalid chunk: {'i': 1, 'f': 10, 't': 'IP-MAT'}	0	0	0	1	0	0	0	1
19484983-fa7f-4b69-996b-b97e1c6afda3	tale_13b.txt	Cunhã mucu oço uahá ocicári mena	6ab545f20d7977bbad0e89e4.json	11	3d1fc89c-a220-4638-845e-8d3219e475b8	Aramé i cɨ ocenõĩ cunhã mucú: urubú çộrí rẹtệ ãna, cunhã mucú purãnga rẹtệ rẹcệ.	Então sua mãe chamou a moça; o corvo estava alegre muito, a moça formosa era muito porque.				15	0	none	0	1	IP-MAT	0	root_only	no	TreeConstructionError: invalid chunk: {'i': 1, 'f': 15, 't': 'IP-MAT'}	0	0	0	1	0	0	0	1
19484983-fa7f-4b69-996b-b97e1c6afda3	tale_13b.txt	Cunhã mucu oço uahá ocicári mena	6ab545f20d7977bbad0e89e4.json	12	ce1fd76e-bbd5-4b47-8ec1-12637e366317	Pitúna upé, ahé oçộ ramé oienõ ahé irúmo, cunhã mucú ompú ãna, inẽma recé ahé.	Noite em, ele foi quando deitar-se ela com, a moça o enxotou, catinguento porque era ele.				15	0	none	0	1	IP-MAT	0	root_only	no	TreeConstructionError: invalid chunk: {'i': 1, 'f': 15, 't': 'IP-MAT'}	0	0	0	1	0	0	0	1
19484983-fa7f-4b69-996b-b97e1c6afda3	tale_13b.txt	Cunhã mucu oço uahá ocicári mena	6ab545f20d7977bbad0e89e4.json	13	552ae176-65ba-46ca-85b2-35f021fe97c5	Amú coẽma upé, uáimĩ omundú ramé cunhã mucú oiuúca arãma iapẹá, cunhã mucú oiuauáu uãna.	Outra manhã em, a velha mandou quando a moça tirar para lenha, a moça fugiu.				15	0	none	0	1	IP-MAT	0	root_only	no	TreeConstructionError: invalid chunk: {'i': 1, 'f': 15, 't': 'IP-MAT'}	0	0	0	1	0	0	0	1
36aed259-d913-47d0-b4c8-0b67f328a8fd	tale_13c.txt	Cunhã mucu oço uahá ocicári mena	6ab5465e0d7977bbad0e89e6.json	1	687445fc-7af6-404e-a850-7dbde614858c	Cunhã mucu oço uahá ocicári mena	A moça vai que procurar marido				6	0	none	0	1	IP-MAT	0	root_only	no	TreeConstructionError: invalid chunk: {'i': 1, 'f': 6, 't': 'IP-MAT'}	6	0	0	1	0	0	0	1
36aed259-d913-47d0-b4c8-0b67f328a8fd	tale_13c.txt	Cunhã mucu oço uahá ocicári mena	6ab5465e0d7977bbad0e89e6.json	2	55c11b0f-8b2d-46b1-89f3-e5b95d9d0adc	CUNHÃ MUCU INAIÉ	A moça e o gavião				3	0	none	0	1	IP-MAT	0	root_only	no	TreeConstructionError: invalid chunk: {'i': 1, 'f': 3, 't': 'IP-MAT'}	0	0	0	1	0	0	0	1
36aed259-d913-47d0-b4c8-0b67f328a8fd	tale_13c.txt	Cunhã mucu oço uahá ocicári mena	6ab5465e0d7977bbad0e89e6.json	3	207c7f2c-5b6c-4802-a5fe-30581984225e	Ahé ocɨka ramé rauçapɨre pé upé, oçộ amú rupí.	Ela chegou quando três caminhos em, foi outro por.				9	0	none	0	1	IP-MAT	0	root_only	no	TreeConstructionError: invalid chunk: {'i': 1, 'f': 9, 't': 'IP-MAT'}	0	0	0	1	0	0	0	1
36aed259-d913-47d0-b4c8-0b67f328a8fd	tale_13c.txt	Cunhã mucu oço uahá ocicári mena	6ab5465e0d7977bbad0e89e6.json	4	91322bc6-a4fa-4ea6-b9ef-70f410cb66db	Ocɨka óca upé, omahã iepé uáimĩ purãnga rẹtệ, opurauú ixuí: — Inệ inaié cɨ será?	Chegou casa em, viu uma velha formosa muito, perguntou a ela: — Você é do inajé a mãe?				15	0	none	0	1	IP-MAT	0	root_only	no	TreeConstructionError: invalid chunk: {'i': 1, 'f': 15, 't': 'IP-MAT'}	0	0	0	1	0	0	0	1
36aed259-d913-47d0-b4c8-0b67f328a8fd	tale_13c.txt	Cunhã mucu oço uahá ocicári mena	6ab5465e0d7977bbad0e89e6.json	5	2bf40fdb-0861-42b7-aafa-dbae10dcd466	Uáimĩ oçuaxára: — Ixệ ahé tenhẽ.	A velha respondeu: — Eu sou ela mesma.				6	0	none	0	1	IP-MAT	0	root_only	no	TreeConstructionError: invalid chunk: {'i': 1, 'f': 6, 't': 'IP-MAT'}	0	0	0	1	0	0	0	1
36aed259-d913-47d0-b4c8-0b67f328a8fd	tale_13c.txt	Cunhã mucu oço uahá ocicári mena	6ab5465e0d7977bbad0e89e6.json	6	099d6b7e-f30c-4215-bf1e-2988e2fe521a	Cunhã mucú onhehẽ: — Xa iúre ahé pɨre, xa mendári arãma ahé irúmo.	A moça disse: — Eu venho ele a, eu casar para ele com.				13	0	none	0	1	IP-MAT	0	root_only	no	TreeConstructionError: invalid chunk: {'i': 1, 'f': 13, 't': 'IP-MAT'}	0	0	0	1	0	0	0	1
36aed259-d913-47d0-b4c8-0b67f328a8fd	tale_13c.txt	Cunhã mucu oço uahá ocicári mena	6ab5465e0d7977bbad0e89e6.json	7	9317effe-4303-46c5-8b78-a3cbcdd7275f	Uáimĩ onhehẽ: — Xa çộ xa uímimi indệ; cệ embɨra míra puxí rẹtệ.	A velha disse: — Eu vou esconder você, meu filho gente é brava muito.				13	0	none	0	1	IP-MAT	0	root_only	no	TreeConstructionError: invalid chunk: {'i': 1, 'f': 13, 't': 'IP-MAT'}	0	0	0	1	0	0	0	1
36aed259-d913-47d0-b4c8-0b67f328a8fd	tale_13c.txt	Cunhã mucu oço uahá ocicári mena	6ab5465e0d7977bbad0e89e6.json	8	c62876d8-92c8-4813-b8d2-695c569ab3b9	Caárúka ramé, embɨra ocɨka, orúri ximiára cệtá: uirá mirĩtá, I cɨ omungaturú uirá mirĩtá aitá óú arãma.	Tarde em, seu filho chegou, trouxe caça muita: pássaros pequenos, Sua mãe aprontou pássaros pequenos, eles comerem para.				17	0	none	0	1	IP-MAT	0	root_only	no	TreeConstructionError: invalid chunk: {'i': 1, 'f': 17, 't': 'IP-MAT'}	0	0	0	1	0	0	0	1
36aed259-d913-47d0-b4c8-0b67f328a8fd	tale_13c.txt	Cunhã mucu oço uahá ocicári mena	6ab5465e0d7977bbad0e89e6.json	9	dee2d223-69c0-4e3b-a107-28a546e127d2	Aitá óú oikộ ramé i cɨ opuranú ixuí: — Auá çupé ocɨka uahá ramẽ, amú tetãma çuí, mãháta rẹmunhã ixupé?	Eles comendo estavam quando sua mãe perguntou a ele: — A quem chegar que quando, outra pátria de,  o que farás a ele?				20	0	none	0	1	IP-MAT	0	root_only	no	TreeConstructionError: invalid chunk: {'i': 1, 'f': 20, 't': 'IP-MAT'}	0	0	0	1	0	0	0	1
36aed259-d913-47d0-b4c8-0b67f328a8fd	tale_13c.txt	Cunhã mucu oço uahá ocicári mena	6ab5465e0d7977bbad0e89e6.json	10	cdc39bad-4271-491f-961d-ddcd3b947d3f	Inaié oçuaxára: — Xa cẹnõĩ ahé óú arãma ianệ irúmo.	O inajé respondeu: — Eu chamo ele comer para nós com.				10	0	none	0	1	IP-MAT	0	root_only	no	TreeConstructionError: invalid chunk: {'i': 1, 'f': 10, 't': 'IP-MAT'}	0	0	0	1	0	0	0	1
36aed259-d913-47d0-b4c8-0b67f328a8fd	tale_13c.txt	Cunhã mucu oço uahá ocicári mena	6ab5465e0d7977bbad0e89e6.json	11	652b0554-11ab-4e2b-b785-b37ef0aa9e1b	Aramé uáimĩ ocenộɨ cunhã mucú.	Então a velha chamou a moça.				5	0	none	0	1	IP-MAT	0	root_only	no	TreeConstructionError: invalid chunk: {'i': 1, 'f': 5, 't': 'IP-MAT'}	0	0	0	1	0	0	0	1
36aed259-d913-47d0-b4c8-0b67f328a8fd	tale_13c.txt	Cunhã mucu oço uahá ocicári mena	6ab5465e0d7977bbad0e89e6.json	12	90e30fc3-81fd-41e4-b6fe-4da82325dc02	Inaié çộrí rẹtệ, cunhã mucú purãnga rẹte rẹcệ.	O inajé alegre ficou muito, a moça era bonita muito porque.				8	0	none	0	1	IP-MAT	0	root_only	no	TreeConstructionError: invalid chunk: {'i': 1, 'f': 8, 't': 'IP-MAT'}	0	0	0	1	0	0	0	1
36aed259-d913-47d0-b4c8-0b67f328a8fd	tale_13c.txt	Cunhã mucu oço uahá ocicári mena	6ab5465e0d7977bbad0e89e6.json	13	169323e8-8067-4a9d-b681-4e05f3e7f708	Aitá okệri uãna iépeuaçú.	Eles dormiram juntos.				4	0	none	0	1	IP-MAT	0	root_only	no	TreeConstructionError: invalid chunk: {'i': 1, 'f': 4, 't': 'IP-MAT'}	0	0	0	1	0	0	0	1
36aed259-d913-47d0-b4c8-0b67f328a8fd	tale_13c.txt	Cunhã mucu oço uahá ocicári mena	6ab5465e0d7977bbad0e89e6.json	14	abdc16a5-9abe-4edb-8ad7-e7d7040fb97f	Amú ára upé urubú ocɨka inaié óca upé, ocicári arãma cunhã mucú.	Outro dia em o corvo chegou do inajé casa em, procurar para a moça.				12	0	none	0	1	IP-MAT	0	root_only	no	TreeConstructionError: invalid chunk: {'i': 1, 'f': 12, 't': 'IP-MAT'}	0	0	0	1	0	0	0	1
36aed259-d913-47d0-b4c8-0b67f328a8fd	tale_13c.txt	Cunhã mucu oço uahá ocicári mena	6ab5465e0d7977bbad0e89e6.json	15	0e624d57-2e71-4666-b990-d18e3e0bcded	Aitá omuramunhã uãna rẹtệ cunhã múcú rẹcệ.	Eles brigaram muito da moça por causa.				7	0	none	0	1	IP-MAT	0	root_only	no	TreeConstructionError: invalid chunk: {'i': 1, 'f': 7, 't': 'IP-MAT'}	0	0	0	1	0	0	0	1
36aed259-d913-47d0-b4c8-0b67f328a8fd	tale_13c.txt	Cunhã mucu oço uahá ocicári mena	6ab5465e0d7977bbad0e89e6.json	16	3e2243cc-9c5a-4955-9e1b-8036c4cb709b	Inaié ompúca ãna urubú akãnga.	O inajé quebrou do urubu a cabeça.				5	0	none	0	1	IP-MAT	0	root_only	no	TreeConstructionError: invalid chunk: {'i': 1, 'f': 5, 't': 'IP-MAT'}	0	0	0	1	0	0	0	1
36aed259-d913-47d0-b4c8-0b67f328a8fd	tale_13c.txt	Cunhã mucu oço uahá ocicári mena	6ab5465e0d7977bbad0e89e6.json	17	42268abd-5cf1-4cda-a2d3-1b4393c409ba	I cɨ omuacú uãna ɨ, muiáçúca i akãnga; ɨ çacú rẹtệ uãna: aárẹcệ i akãnga çáuaɨma opɨtá opaɨ ára upé.	Sua mãe (do urubu) esquentou água, lavou sua cabeça; água quente estava muitíssimo: por isso sua cabeça depenada ficou todo tempo em (para sempre).				20	0	none	0	1	IP-MAT	0	root_only	no	TreeConstructionError: invalid chunk: {'i': 1, 'f': 20, 't': 'IP-MAT'}	0	0	0	1	0	0	0	1
d1590857-cb85-458c-9ccd-47ae7a7332ff	tale_14.txt	Momeucaua mɨura receuára	6ab5544a0d7977bbad0e89f8.json	1	bded6e95-3f4c-4875-b173-f17ce7a2002b	Momeucaua mɨura receuára	Lendas da raposa acerca				3	0	none	0	1	IP-MAT	0	root_only	no	TreeConstructionError: invalid chunk: {'i': 1, 'f': 3, 't': 'IP-MAT'}	3	0	0	1	0	0	0	1
d1590857-cb85-458c-9ccd-47ae7a7332ff	tale_14.txt	Momeucaua mɨura receuára	6ab5544a0d7977bbad0e89f8.json	2	99dc27d5-c77f-4785-b766-32f74814b7c6	Intí rẹmunhã catú auá çupé intí rẹquáu.	Não faças bem quem a não conheces.				7	0	none	0	1	IP-MAT	0	root_only	no	TreeConstructionError: invalid chunk: {'i': 1, 'f': 7, 't': 'IP-MAT'}	0	0	0	1	0	0	0	1
d1590857-cb85-458c-9ccd-47ae7a7332ff	tale_14.txt	Momeucaua mɨura receuára	6ab5544a0d7977bbad0e89f8.json	3	4059d5f1-df66-40a3-a6cf-60f8d752d60a	Oiepé ára ọpé mɨcúra, uatá ramé oikộ, ocenõ cururúca iaué: um... um ... um... — Mãháta nhahã será?	Um dia em a raposa, andando quando estava, ouviu um ronco assim: um... um ... um... — O que aquilo é?				18	0	none	0	1	IP-MAT	0	root_only	no	TreeConstructionError: invalid chunk: {'i': 1, 'f': 18, 't': 'IP-MAT'}	0	0	0	1	0	0	0	1
d1590857-cb85-458c-9ccd-47ae7a7332ff	tale_14.txt	Momeucaua mɨura receuára	6ab5544a0d7977bbad0e89f8.json	4	8fdbeea9-1894-4723-9861-f10b126b8cb7	xa çộ mahã.	eu vou ver.				3	0	none	0	1	IP-MAT	0	root_only	no	TreeConstructionError: invalid chunk: {'i': 1, 'f': 3, 't': 'IP-MAT'}	0	0	0	1	0	0	0	1
d1590857-cb85-458c-9ccd-47ae7a7332ff	tale_14.txt	Momeucaua mɨura receuára	6ab5544a0d7977bbad0e89f8.json	5	e53a4c0e-b5c7-46ab-a738-dfabea9d037a	Iauaratẹ omahã ramé ahé, onhehẽ: — Xa iumunhã quahá itá quára opé; xa iumuturuçú ãna, intí xa cema quáu.	A onça viu quando ela, disse: — Eu fui feita neste de pedra buraco em; eu cresci, e não sair posso.				19	0	none	0	1	IP-MAT	0	root_only	no	TreeConstructionError: invalid chunk: {'i': 1, 'f': 19, 't': 'IP-MAT'}	0	0	0	1	0	0	0	1
d1590857-cb85-458c-9ccd-47ae7a7332ff	tale_14.txt	Momeucaua mɨura receuára	6ab5544a0d7977bbad0e89f8.json	6	b06e8f9d-28a2-44e5-97b1-542a8b5bb5fd	Rẹpitɨmũ será xa iuúca quahá itá?	Tu me ajudas a tirar esta pedra?				6	0	none	0	1	IP-MAT	0	root_only	no	TreeConstructionError: invalid chunk: {'i': 1, 'f': 6, 't': 'IP-MAT'}	0	0	0	1	0	0	0	1
d1590857-cb85-458c-9ccd-47ae7a7332ff	tale_14.txt	Momeucaua mɨura receuára	6ab5544a0d7977bbad0e89f8.json	7	b9feeb05-59e8-4aca-ac74-3e764c80dab0	Mɨcúra opɨtɨmũ ahé; iauaraté ocệma; mɨcúra opuranũ i xuí: — Mãháta rẹmehẽ ixệ arãma cẹcuiára?	A raposa ajudou-a; a onça saiu; a raposa perguntou a ela: — O que tu dás eu a em paga?				15	0	none	0	1	IP-MAT	0	root_only	no	TreeConstructionError: invalid chunk: {'i': 1, 'f': 15, 't': 'IP-MAT'}	0	0	0	1	0	0	0	1
d1590857-cb85-458c-9ccd-47ae7a7332ff	tale_14.txt	Momeucaua mɨura receuára	6ab5544a0d7977bbad0e89f8.json	8	e41e2850-aa62-43b9-aed2-37bfe038e9fb	Iauaratệ, oiumacɨ oikộ uahá, oçuaxàra: — Xa ço xa u indệ.	A onça, faminta estava que, respondeu: — Eu vou comer você.				11	0	none	0	1	IP-MAT	0	root_only	no	TreeConstructionError: invalid chunk: {'i': 1, 'f': 11, 't': 'IP-MAT'}	0	0	0	1	0	0	0	1
d1590857-cb85-458c-9ccd-47ae7a7332ff	tale_14.txt	Momeucaua mɨura receuára	6ab5544a0d7977bbad0e89f8.json	9	34e6698b-b6da-4c30-ad14-eae7a20d65f1	Opicɨca ãna mɨcúra, opuranú: — Mãháta míra omehẽ auá çupé omunhã catú, rẹcuiára?	Agarrou a raposa, e perguntou: — O que se dá quem a faz bem, em paga?				13	0	none	0	1	IP-MAT	0	root_only	no	TreeConstructionError: invalid chunk: {'i': 1, 'f': 13, 't': 'IP-MAT'}	0	0	0	1	0	0	0	1
d1590857-cb85-458c-9ccd-47ae7a7332ff	tale_14.txt	Momeucaua mɨura receuára	6ab5544a0d7977bbad0e89f8.json	10	5a6d92e7-53bb-4af1-9ea2-56a0b6caafb9	Mɨcura oçuaxára: — Auá çupé omunhã catú, recuiára, míra omehẽ omunhã catú.	A raposa respondeu: — A quem faz bem, em paga, se dá o fazer bem.				12	0	none	0	1	IP-MAT	0	root_only	no	TreeConstructionError: invalid chunk: {'i': 1, 'f': 12, 't': 'IP-MAT'}	0	0	0	1	0	0	0	1
d1590857-cb85-458c-9ccd-47ae7a7332ff	tale_14.txt	Momeucaua mɨura receuára	6ab5544a0d7977bbad0e89f8.json	11	4c6b4a98-62c3-4938-b694-644c04f4f7f7	Ikệ nhộte (iunto) oikộ oiépé apgáua, oquáu uahá opaɨ mahã; iaçộ iapuranú ixuí.	Aqui perto mora um homem, sabe que todas as casas; vamos perguntou a ele.				13	0	none	0	1	IP-MAT	0	root_only	no	TreeConstructionError: invalid chunk: {'i': 1, 'f': 13, 't': 'IP-MAT'}	0	0	0	1	0	0	0	1
d1590857-cb85-458c-9ccd-47ae7a7332ff	tale_14.txt	Momeucaua mɨura receuára	6ab5544a0d7977bbad0e89f8.json	12	4ceffa80-1a4f-4360-aa62-ee96b4a74b53	Aitá oiaçáu oiepé cãpuũ-mirĩ kẹtệ, mɨcúra ombẽu apgáua çupé, ahé oiuúca uahá iauaraté itá quára cuí, iauaraté óú putári ahé.	Elas atravessaram uma ilha pequena para, a raposa narrou homem ao, ela tirara que a onça de pedra buraco do, a onça comer queria ela.				20	0	none	0	1	IP-MAT	0	root_only	no	TreeConstructionError: invalid chunk: {'i': 1, 'f': 20, 't': 'IP-MAT'}	0	0	0	1	0	0	0	1
d1590857-cb85-458c-9ccd-47ae7a7332ff	tale_14.txt	Momeucaua mɨura receuára	6ab5544a0d7977bbad0e89f8.json	13	3f535285-02cd-4c75-857b-4f040e7fa282	Iauaraté onhehẽ: — Xá u putári ahé, maharecệ míra omehẽ omunhã puxí rẹcuiára omunhã catú.	A onça disse: — Eu comer quero ela, porque a gente dá o mal em troco do bem.				15	0	none	0	1	IP-MAT	0	root_only	no	TreeConstructionError: invalid chunk: {'i': 1, 'f': 15, 't': 'IP-MAT'}	0	0	0	1	0	0	0	1
d1590857-cb85-458c-9ccd-47ae7a7332ff	tale_14.txt	Momeucaua mɨura receuára	6ab5544a0d7977bbad0e89f8.json	14	641963fd-b07d-4663-acf3-e9623745a2cc	Apgauá onhehẽ: — Intí çupí.	O homem disse: — Não é certo.				5	0	none	0	1	IP-MAT	0	root_only	no	TreeConstructionError: invalid chunk: {'i': 1, 'f': 5, 't': 'IP-MAT'}	0	0	0	1	0	0	0	1
d1590857-cb85-458c-9ccd-47ae7a7332ff	tale_14.txt	Momeucaua mɨura receuára	6ab5544a0d7977bbad0e89f8.json	15	7eca3cea-6e7e-4198-914c-396b63a658fc	Iaçộ iamahã arãma nẹ róca.	Vamos ver para tua cova.				5	0	none	0	1	IP-MAT	0	root_only	no	TreeConstructionError: invalid chunk: {'i': 1, 'f': 5, 't': 'IP-MAT'}	0	0	0	1	0	0	0	1
d1590857-cb85-458c-9ccd-47ae7a7332ff	tale_14.txt	Momeucaua mɨura receuára	6ab5544a0d7977bbad0e89f8.json	16	96a584ad-6db4-41e4-a67c-790625c728ac	Aitá muçapɨre oçộãna omahã arãma.	Eles três foram ver para.				5	0	none	0	1	IP-MAT	0	root_only	no	TreeConstructionError: invalid chunk: {'i': 1, 'f': 5, 't': 'IP-MAT'}	0	0	0	1	0	0	0	1
d1590857-cb85-458c-9ccd-47ae7a7332ff	tale_14.txt	Momeucaua mɨura receuára	6ab5544a0d7977bbad0e89f8.json	17	14b668bb-51fa-4bf7-9af3-02006fc67f46	Aitá ocɨka ramé, apgáua onhehẽ iauaraté çupé: — Rẹiumundệo iuɨre xa mahã arãma maí rẹikộãna.	Eles chegaram quando, o homem disse onça a: — Encova-te de novo eu ver para como tu estavas.				15	0	none	0	1	IP-MAT	0	root_only	no	TreeConstructionError: invalid chunk: {'i': 1, 'f': 15, 't': 'IP-MAT'}	0	0	0	1	0	0	0	1
d1590857-cb85-458c-9ccd-47ae7a7332ff	tale_14.txt	Momeucaua mɨura receuára	6ab5544a0d7977bbad0e89f8.json	18	476354c6-3d3a-4677-a1c1-3f47294d99e3	Iauaraté oiumunệo; opgáua omuieréo itá árupí; iauáraté intí oçệma quáu.	A onça encovou-se; o homem rolou a pedra ela sobre; a onça não sair pộde.				10	0	none	0	1	IP-MAT	0	root_only	no	TreeConstructionError: invalid chunk: {'i': 1, 'f': 10, 't': 'IP-MAT'}	0	0	0	1	0	0	0	1
d1590857-cb85-458c-9ccd-47ae7a7332ff	tale_14.txt	Momeucaua mɨura receuára	6ab5544a0d7977bbad0e89f8.json	19	bd0bfd0d-c195-410e-9219-adeae632cccc	Araméãna apgáua onhehẽ: — Cuhɨre rẹquáu rameãma: míra omehẽ munhã catú rẹcuiára munhã catú.	Então o homem disse: — Agora tu sabendo ficastes: a gente dá o bem em troco do bem.				14	0	none	0	1	IP-MAT	0	root_only	no	TreeConstructionError: invalid chunk: {'i': 1, 'f': 14, 't': 'IP-MAT'}	0	0	0	1	0	0	0	1
d1590857-cb85-458c-9ccd-47ae7a7332ff	tale_14.txt	Momeucaua mɨura receuára	6ab5544a0d7977bbad0e89f8.json	20	5a8bcc6c-4447-4694-8b0c-5f09f950058b	Iauaraté opɨtá ápe; amũ itá oçộãna.	A onça ficou lá; os outros foram-se.				6	0	none	0	1	IP-MAT	0	root_only	no	TreeConstructionError: invalid chunk: {'i': 1, 'f': 6, 't': 'IP-MAT'}	0	0	0	1	0	0	0	1
77674088-b3a4-4082-80d1-674b925ae35d	tale_16.txt	Micura iauaraté	6ab554210d7977bbad0e89f6.json	1	be1107cc-0146-4ffc-820c-1b4f852b5ba5	Micura iauaraté	A raposa e onça				2	0	none	0	1	IP-MAT	0	root_only	no	TreeConstructionError: invalid chunk: {'i': 1, 'f': 2, 't': 'IP-MAT'}	2	0	0	1	0	0	0	1
77674088-b3a4-4082-80d1-674b925ae35d	tale_16.txt	Micura iauaraté	6ab554210d7977bbad0e89f6.json	2	69996634-adc2-4245-bafb-53555de1cc17	Iauaraté ocẽma ramé quára çui, onhehẽ: — Cuhɨre xa çộ xa u mɨcura.	A onça saiu quando cova da, disse: — Agora eu vou eu comer a raposa.				13	0	none	0	1	IP-MAT	0	root_only	no	TreeConstructionError: invalid chunk: {'i': 1, 'f': 13, 't': 'IP-MAT'}	0	0	0	1	0	0	0	1
77674088-b3a4-4082-80d1-674b925ae35d	tale_16.txt	Micura iauaraté	6ab554210d7977bbad0e89f6.json	3	3acafd5e-1a14-48f3-ace9-ee07fa3d0e11	Oçộ ockári ahé.	Foi procurar ela.				3	0	none	0	1	IP-MAT	0	root_only	no	TreeConstructionError: invalid chunk: {'i': 1, 'f': 3, 't': 'IP-MAT'}	0	0	0	1	0	0	0	1
77674088-b3a4-4082-80d1-674b925ae35d	tale_16.txt	Micura iauaraté	6ab554210d7977bbad0e89f6.json	4	5ecc5efd-bb60-4237-a036-d097eba69af7	Ouatá oikộ cahá rupí, ocenõ teapú quaié: Txáu! txáu! txáu!	Andando estava mato pelo, ouviu barulho assim: Txau! txau! txau!				10	0	none	0	1	IP-MAT	0	root_only	no	TreeConstructionError: invalid chunk: {'i': 1, 'f': 10, 't': 'IP-MAT'}	0	0	0	1	0	0	0	1
77674088-b3a4-4082-80d1-674b925ae35d	tale_16.txt	Micura iauaraté	6ab554210d7977bbad0e89f6.json	5	361ac8fe-4ef2-416d-bf1f-0814cacc9620	— Mãháta ahé?	— O que será?				3	0	none	0	1	IP-MAT	0	root_only	no	TreeConstructionError: invalid chunk: {'i': 1, 'f': 3, 't': 'IP-MAT'}	3	0	0	1	0	0	0	1
77674088-b3a4-4082-80d1-674b925ae35d	tale_16.txt	Micura iauaraté	6ab554210d7977bbad0e89f6.json	6	ba3b5687-658b-4c72-98ee-8b17d1f2787c	Omãhã, oxipiá mɨcúra oiuúca oikộ xipó uahá.	Olhou, e viu a raposa tirando estava cipó que.				7	0	none	0	1	IP-MAT	0	root_only	no	TreeConstructionError: invalid chunk: {'i': 1, 'f': 7, 't': 'IP-MAT'}	0	0	0	1	0	0	0	1
77674088-b3a4-4082-80d1-674b925ae35d	tale_16.txt	Micura iauaraté	6ab554210d7977bbad0e89f6.json	7	06f76d61-e0be-47cc-954e-5321f400fea3	Mɨcúra oxipiá ramé ahé, onhehẽ: — Cuhɨre puxiãna xa ikộ; iauáraté, ipộ, óú curi ixệ!	A raposa viu quando ela, disse: — Agora mal eu estou; a onça, pode ser, comer-me-á!				15	0	none	0	1	IP-MAT	0	root_only	no	TreeConstructionError: invalid chunk: {'i': 1, 'f': 15, 't': 'IP-MAT'}	0	0	0	1	0	0	0	1
77674088-b3a4-4082-80d1-674b925ae35d	tale_16.txt	Micura iauaraté	6ab554210d7977bbad0e89f6.json	8	df2b760c-b592-44e5-b833-af94d2a85ab5	Onhehẽ iauáraté çupé: — Iuɨtú-aɨua oúri oikộ; indệ rẹpɨtimũ ixệ será oiuúca arãma quahá xipó, opuquári arãma ixệ mɨrá rẹcệ?	Disse onça a: — Furacão vindo está; tu ajudas a mim tirar a este cipó, amarrar para eu árvore sobre?				20	0	none	0	1	IP-MAT	0	root_only	no	TreeConstructionError: invalid chunk: {'i': 1, 'f': 20, 't': 'IP-MAT'}	0	0	0	1	0	0	0	1
77674088-b3a4-4082-80d1-674b925ae35d	tale_16.txt	Micura iauaraté	6ab554210d7977bbad0e89f6.json	9	980ada38-a664-4bab-9e83-ae4e5d53bedc	Iauaraté ocẽkɨɨé ãna, onhehẽ mɨcura çupé: — Aramé rẹpueuári ixệ tenoné; maharẹcệ ixệ turuçú píre nẹ çuí, ɨuɨtúaɨua oraçộ quáu ixệ tenoné.	A onça medrosa já, disse raposa a: — Então amarra me primeiro; porque eu grande mais você do que, o furacão levar pode eu adiante.				22	0	none	0	1	IP-MAT	0	root_only	no	TreeConstructionError: invalid chunk: {'i': 1, 'f': 22, 't': 'IP-MAT'}	0	0	0	1	0	0	0	1
77674088-b3a4-4082-80d1-674b925ae35d	tale_16.txt	Micura iauaraté	6ab554210d7977bbad0e89f6.json	10	5d5d4e75-507e-463b-a3c2-07f9f4dcdef6	Mɨcúra omunú iauaraté oiumãna mirá rẹcệ, oiupucuári ahé, onhehẽ: — Repɨtá ápe, iurupári, xa çộ ãna.	A raposa mandou a onça abraçar árvore com, amarrou ela, e disse: — Fica-te aí, diabo, que eu cá me vou.				16	0	none	0	1	IP-MAT	0	root_only	no	TreeConstructionError: invalid chunk: {'i': 1, 'f': 16, 't': 'IP-MAT'}	0	0	0	1	0	0	0	1
1274c422-d60f-43fe-a9e4-94a361f130e1	tale_17.txt	Jauarate' cupii'	6ab553c60d7977bbad0e89f2.json	1	25967aa5-7645-4d96-a198-f55c27ad9451	Jauarate ' cupii '	A onça e os Cupins				4	2	partial	0	1	IP-MAT	0	root_only	no	TreeConstructionError: invalid chunk: {'i': 1, 'f': 4, 't': 'IP-MAT'}	4	0	0	1	0	0	0	1
1274c422-d60f-43fe-a9e4-94a361f130e1	tale_17.txt	Jauarate' cupii'	6ab553c60d7977bbad0e89f2.json	2	be219c40-5a18-42a2-a3ef-641c8091b42d	A'ra pucũ riré, cupií itá ourí ãna mamé iauaraté oiupucuári uahá oikộ, oiupirú ãna omunhã çóca xipó rẹcệ.	Tempo longo depois, os cupins vieram onde a onça amarrada que estava, principiaram a fazer sua casa cipó sobre.				18	0	none	0	1	IP-MAT	0	root_only	no	TreeConstructionError: invalid chunk: {'i': 1, 'f': 18, 't': 'IP-MAT'}	0	0	0	1	0	0	0	1
1274c422-d60f-43fe-a9e4-94a361f130e1	tale_17.txt	Jauarate' cupii'	6ab553c60d7977bbad0e89f2.json	3	514df497-c611-4faf-84b8-53bcc7ae005f	Iauaraté onhehẽ: — Ah!	A onça disse: — Ah!				4	0	none	0	1	IP-MAT	0	root_only	no	TreeConstructionError: invalid chunk: {'i': 1, 'f': 4, 't': 'IP-MAT'}	0	0	0	1	0	0	0	1
1274c422-d60f-43fe-a9e4-94a361f130e1	tale_17.txt	Jauarate' cupii'	6ab553c60d7977bbad0e89f2.json	4	f623bf8f-e3fe-4a99-aa8f-a5d8a3af63f4	Cupií, penhẽ pe apgáua ramé curí, pẹuãna curutện quahá xipó, oiumupucuári ixệ arãma.	Cupins, vocês machos se fossem, comiam depressa este cipó, desamarrar eu para.				13	0	none	0	1	IP-MAT	0	root_only	no	TreeConstructionError: invalid chunk: {'i': 1, 'f': 13, 't': 'IP-MAT'}	0	0	0	1	0	0	0	1
1274c422-d60f-43fe-a9e4-94a361f130e1	tale_17.txt	Jauarate' cupii'	6ab553c60d7977bbad0e89f2.json	5	ee92cabe-ae3d-4497-8944-773dad3e8d7f	A'ra pitúna pucuçáua cupií-itá oçuú çuú xipó.	Do dia e da noite o espaço os cupins roendo estavam o cipó.				7	0	none	0	1	IP-MAT	0	root_only	no	TreeConstructionError: invalid chunk: {'i': 1, 'f': 7, 't': 'IP-MAT'}	0	0	0	1	0	0	0	1
1274c422-d60f-43fe-a9e4-94a361f130e1	tale_17.txt	Jauarate' cupii'	6ab553c60d7977bbad0e89f2.json	6	f2d7c997-6c73-4919-a099-dc75714da01b	Iauaraté océma ramé, óúãna opaɨ aitá.	A onça saiu quando, comeu todos eles.				6	0	none	0	1	IP-MAT	0	root_only	no	TreeConstructionError: invalid chunk: {'i': 1, 'f': 6, 't': 'IP-MAT'}	0	0	0	1	0	0	0	1
34b33feb-72ba-41c3-821c-ace7a80d5ae0	tale_20.txt	Micura iauaraté	6ab554360d7977bbad0e89f7.json	1	f715c8e2-eb1f-4c80-bf6e-6fe3155ebdc9	MICURA IAUARETÉ	A raposa e a onça				2	0	none	0	1	IP-MAT	0	root_only	no	TreeConstructionError: invalid chunk: {'i': 1, 'f': 2, 't': 'IP-MAT'}	2	0	0	1	0	0	0	1
34b33feb-72ba-41c3-821c-ace7a80d5ae0	tale_20.txt	Micura iauaraté	6ab554360d7977bbad0e89f7.json	2	85fbe3c4-3521-4b49-af08-fe855af2b434	Mɨcúra iuɨri ɨ ceí ãna oikộ.	A raposa de novo com sede já estava.				6	0	none	0	1	IP-MAT	0	root_only	no	TreeConstructionError: invalid chunk: {'i': 1, 'f': 6, 't': 'IP-MAT'}	0	0	0	1	0	0	0	1
34b33feb-72ba-41c3-821c-ace7a80d5ae0	tale_20.txt	Micura iauaraté	6ab554360d7977bbad0e89f7.json	3	df33aa64-bf38-4443-8c04-9d4a6bd41e91	Opetệca iepé cumã ɨua, oiumutuúma rẹtệ cicaãtã cumã ɨua rẹcệ, oierệ ierệo cahá xiríca rẹcệ, oçộ ɨ quára kẹtệ.	Bateu uma de sorva árvore, besuntou-se bem resina de sorveira com, e espojou-se folhas secas em, e foi da água poço a.				19	0	none	0	1	IP-MAT	0	root_only	no	TreeConstructionError: invalid chunk: {'i': 1, 'f': 19, 't': 'IP-MAT'}	0	0	0	1	0	0	0	1
34b33feb-72ba-41c3-821c-ace7a80d5ae0	tale_20.txt	Micura iauaraté	6ab554360d7977bbad0e89f7.json	4	3b04f004-4e53-43af-b64c-7f2512d08d20	Iauaraté oxipía ramé nhahã çoộ, onhehẽ: — Auáta indệ?	A onça viu quando aquele animal, disse: — Quem é você?				9	0	none	0	1	IP-MAT	0	root_only	no	TreeConstructionError: invalid chunk: {'i': 1, 'f': 9, 't': 'IP-MAT'}	0	0	0	1	0	0	0	1
34b33feb-72ba-41c3-821c-ace7a80d5ae0	tale_20.txt	Micura iauaraté	6ab554360d7977bbad0e89f7.json	5	d0f8ae60-7cb8-4a62-b72c-54bf43e44d38	— Ixệ çọộ cahá xiríca.	— Eu sou o bicho folha seca. 				5	0	none	0	1	IP-MAT	0	root_only	no	TreeConstructionError: invalid chunk: {'i': 1, 'f': 5, 't': 'IP-MAT'}	0	0	0	1	0	0	0	1
34b33feb-72ba-41c3-821c-ace7a80d5ae0	tale_20.txt	Micura iauaraté	6ab554360d7977bbad0e89f7.json	6	e8b09519-4c42-4783-81f8-ae16d7b6130f	Iauaraté onhehẽ: — Rẹ ú tenoné, repúri ɨ pupé, xa mahã arãma intí uíri ramé nẹ pirệra.	A onça disse: — De beber antes, tu pules d'água dentro, eu ver para não boia se teu couro.				17	0	none	0	1	IP-MAT	0	root_only	no	TreeConstructionError: invalid chunk: {'i': 1, 'f': 17, 't': 'IP-MAT'}	0	0	0	1	0	0	0	1
34b33feb-72ba-41c3-821c-ace7a80d5ae0	tale_20.txt	Micura iauaraté	6ab554360d7977bbad0e89f7.json	7	9ef6c8c6-7488-4312-9f65-b6c251fdb389	Ahé opúri ãna; i pirệra intí uíri ãna, cecệ; cicãtã intí oiüticú ɨ pupé.	Ela pulou; seu couro não boiou, porque resina não se derreteu dágua dentro.				14	0	none	0	1	IP-MAT	0	root_only	no	TreeConstructionError: invalid chunk: {'i': 1, 'f': 14, 't': 'IP-MAT'}	0	0	0	1	0	0	0	1
34b33feb-72ba-41c3-821c-ace7a80d5ae0	tale_20.txt	Micura iauaraté	6ab554360d7977bbad0e89f7.json	8	c76abf99-ca1f-4527-a1da-34959c2bf7bb	Iaué tenhẽ mɨcúra óú quáu ɨ, amãna ára ocɨka catú ramệ.	Dessa forma a raposa beber pôde água, da chuva o tempo chegou até quando.				11	0	none	0	1	IP-MAT	0	root_only	no	TreeConstructionError: invalid chunk: {'i': 1, 'f': 11, 't': 'IP-MAT'}	0	0	0	1	0	0	0	1
e3f48105-26ea-4fc2-97c3-ba3fdb6c0e65	tale_22.txt	Amu' momẹuçau mɨcura rẹcẹuậra	6ab5496c0d7977bbad0e89ed.json	1	a5083c0f-5fd4-4a74-8231-5d0dcfa65745	Amu' momẹuçaua mɨcura rẹcẹuậra	Outras lendas da raposa acerca			1784326596479	4	2	partial	0	1	IP-MAT	0	root_only	no	TreeConstructionError: invalid chunk: {'i': 1, 'f': 4, 't': 'IP-MAT'}	0	0	0	1	2	0	0	1
e3f48105-26ea-4fc2-97c3-ba3fdb6c0e65	tale_22.txt	Amu' momẹuçau mɨcura rẹcẹuậra	6ab5496c0d7977bbad0e89ed.json	2	0ef3226a-1063-4ddd-9fbd-bb677f1c7d63	Mɨcura raɨíra oiumẽndári cinimũ.	Da raposa a filha casa-se com o sinimbú.			1785334058855	4	4	complete	4	4	IP-MAT|NP|NP|NP	4	multiple	yes		0	0	0	1	0	0	0	1
e3f48105-26ea-4fc2-97c3-ba3fdb6c0e65	tale_22.txt	Amu' momẹuçau mɨcura rẹcẹuậra	6ab5496c0d7977bbad0e89ed.json	3	8fd92e78-e871-4d14-be89-986c7c9c7932	Cinimũ, ipahá, ocɨka mɨcúra rộca opé.	O sinimbú, contam, chegou da raposa casa em.			1784326786096	6	0	none	0	1	IP-MAT	0	root_only	no	TreeConstructionError: invalid chunk: {'i': 1, 'f': 6, 't': 'IP-MAT'}	0	0	0	1	0	0	0	1
e3f48105-26ea-4fc2-97c3-ba3fdb6c0e65	tale_22.txt	Amu' momẹuçau mɨcura rẹcẹuậra	6ab5496c0d7977bbad0e89ed.json	4	c9a3c0ac-e8ef-46f9-ad58-f8d725a8b0ce	— Nẹ caárúca, mɨcúra.	— Boas tardes, raposa.			1784326528556	4	0	none	0	1	IP-MAT	0	root_only	no	TreeConstructionError: invalid chunk: {'i': 1, 'f': 4, 't': 'IP-MAT'}	0	0	0	1	0	0	0	1
e3f48105-26ea-4fc2-97c3-ba3fdb6c0e65	tale_22.txt	Amu' momẹuçau mɨcura rẹcẹuậra	6ab5496c0d7977bbad0e89ed.json	5	10c02622-d85a-4ef2-b9df-6c06ec356178	— Indaué; rẹikệ, rẹuapɨka; mãháta rẹmunhã reikộ?	— As mesmas; entre, sente-se; o que fazendo estás?			1784326551750	7	0	none	0	1	IP-MAT	0	root_only	no	TreeConstructionError: invalid chunk: {'i': 1, 'f': 7, 't': 'IP-MAT'}	0	0	0	1	0	0	0	1
e3f48105-26ea-4fc2-97c3-ba3fdb6c0e65	tale_22.txt	Amu' momẹuçau mɨcura rẹcẹuậra	6ab5496c0d7977bbad0e89ed.json	6	2a236ac4-58a1-44ee-92a1-b0c4cc250820	— Intimahã mahã; xa iúre nẹ pɨre.	— Nenhuma coisa; eu venho com vocệ ter.			1784326529482	7	0	none	0	1	IP-MAT	0	root_only	no	TreeConstructionError: invalid chunk: {'i': 1, 'f': 7, 't': 'IP-MAT'}	0	0	0	1	0	0	0	1
e3f48105-26ea-4fc2-97c3-ba3fdb6c0e65	tale_22.txt	Amu' momẹuçau mɨcura rẹcẹuậra	6ab5496c0d7977bbad0e89ed.json	7	60e26094-90a6-4a79-97f5-9d265e7ad920	— Mãháta ahé?	— O que há?			1784326530386	3	0	none	0	1	IP-MAT	0	root_only	no	TreeConstructionError: invalid chunk: {'i': 1, 'f': 3, 't': 'IP-MAT'}	0	0	0	1	0	0	0	1
e3f48105-26ea-4fc2-97c3-ba3fdb6c0e65	tale_22.txt	Amu' momẹuçau mɨcura rẹcẹuậra	6ab5496c0d7977bbad0e89ed.json	8	6cfcf08a-f88f-4b40-a2d3-c4914ac48103	— Ndệ pa rẹrệkộ nẹ raɨíra cunhã mucú ãna?	— Tu por ventura tens tua filha moça já?			1784326531318	9	0	none	0	1	IP-MAT	0	root_only	no	TreeConstructionError: invalid chunk: {'i': 1, 'f': 9, 't': 'IP-MAT'}	0	0	0	1	0	0	0	1
e3f48105-26ea-4fc2-97c3-ba3fdb6c0e65	tale_22.txt	Amu' momẹuçau mɨcura rẹcẹuậra	6ab5496c0d7977bbad0e89ed.json	9	f1571a72-0edf-4bb5-ae0c-7274554d3115	— Xa rekộ.	— Eu tenho.			1784326532205	3	0	none	0	1	IP-MAT	0	root_only	no	TreeConstructionError: invalid chunk: {'i': 1, 'f': 3, 't': 'IP-MAT'}	0	0	0	1	0	0	0	1
e3f48105-26ea-4fc2-97c3-ba3fdb6c0e65	tale_22.txt	Amu' momẹuçau mɨcura rẹcẹuậra	6ab5496c0d7977bbad0e89ed.json	10	71360dc4-f946-462a-b3b0-85e18bdf5796	— Xa iúre xa iururé cẹremirecộ arãma.	— Eu venho pedí-la minha mulher para.			1784326533114	7	0	none	0	1	IP-MAT	0	root_only	no	TreeConstructionError: invalid chunk: {'i': 1, 'f': 7, 't': 'IP-MAT'}	0	0	0	1	0	0	0	1
e3f48105-26ea-4fc2-97c3-ba3fdb6c0e65	tale_22.txt	Amu' momẹuçau mɨcura rẹcẹuậra	6ab5496c0d7977bbad0e89ed.json	11	60515689-0ba1-4de8-b435-133486e6edde	Mɨcúra ocenoĩ i raɨíra, onhehẽ: — Rẹmendári putári será quahá apgáua?	A raposa chamou sua filha, disse: — Casar queres com este varão?			1784326534124	11	1	partial	0	1	IP-MAT	0	root_only	no	TreeConstructionError: invalid chunk: {'i': 1, 'f': 11, 't': 'IP-MAT'}	0	0	0	1	1	0	0	1
e3f48105-26ea-4fc2-97c3-ba3fdb6c0e65	tale_22.txt	Amu' momẹuçau mɨcura rẹcẹuậra	6ab5496c0d7977bbad0e89ed.json	12	980320f6-8b00-49a4-8410-6ced9d2e8717	Taɨíra oçuaxára: — Xa putári.	A filha respondeu: — Eu quero.			1784326535085	5	0	none	0	1	IP-MAT	0	root_only	no	TreeConstructionError: invalid chunk: {'i': 1, 'f': 5, 't': 'IP-MAT'}	0	0	0	1	0	0	0	1
e3f48105-26ea-4fc2-97c3-ba3fdb6c0e65	tale_22.txt	Amu' momẹuçau mɨcura rẹcẹuậra	6ab5496c0d7977bbad0e89ed.json	13	6ca380a0-bcec-4c59-8e53-b8a175ed4a95	— Aramé kuçukúi uãna ahé, rẹiumendàri.	— Então ei-lo aí, casem-se.			1784326536288	6	0	none	0	1	IP-MAT	0	root_only	no	TreeConstructionError: invalid chunk: {'i': 1, 'f': 6, 't': 'IP-MAT'}	0	0	0	1	0	0	0	1
e3f48105-26ea-4fc2-97c3-ba3fdb6c0e65	tale_22.txt	Amu' momẹuçau mɨcura rẹcẹuậra	6ab5496c0d7977bbad0e89ed.json	14	be8a42e9-6ec1-497d-85a3-af727cc52fe7	Amú ára riré, mɨcúra ocenõĩ i raɨíra, onhehẽ: — Rẹnhehẽ nẹ mệna çupé, xa ú putári pirá.	Outro dia depois, a raposa chamou sua filha, e disse: — Dizes teu marido a, que eu comer quero peixe.			1784326537211	17	1	partial	0	1	IP-MAT	0	root_only	no	TreeConstructionError: invalid chunk: {'i': 1, 'f': 17, 't': 'IP-MAT'}	0	0	0	1	1	0	0	1
e3f48105-26ea-4fc2-97c3-ba3fdb6c0e65	tale_22.txt	Amu' momẹuçau mɨcura rẹcẹuậra	6ab5496c0d7977bbad0e89ed.json	15	02a66767-120d-40b1-b40e-86eb29b42a9c	Cunhã mucú onhehẽ i ména çupệ; aitá oiúruári ãna igára upé, oçộ ãna çuáindápe kẹtệ.	A moça disse seu marido a; eles embarcaram-se canoa em, foram outra margem a.			1784326538206	15	1	partial	0	1	IP-MAT	0	root_only	no	TreeConstructionError: invalid chunk: {'i': 1, 'f': 15, 't': 'IP-MAT'}	0	0	0	1	1	0	0	1
e3f48105-26ea-4fc2-97c3-ba3fdb6c0e65	tale_22.txt	Amu' momẹuçau mɨcura rẹcẹuậra	6ab5496c0d7977bbad0e89ed.json	16	2f0b0806-5296-4277-acf0-a52e4b5b3a5f	Aitá ocɨka, cinimũ omundú ximirệcộ oiuúca xipó ixupé.	Eles chegaram, o sinimbú mandou sua mulher tirar cipó para ele.			1784326539223	8	0	none	0	1	IP-MAT	0	root_only	no	TreeConstructionError: invalid chunk: {'i': 1, 'f': 8, 't': 'IP-MAT'}	0	0	0	1	0	0	0	1
e3f48105-26ea-4fc2-97c3-ba3fdb6c0e65	tale_22.txt	Amu' momẹuçau mɨcura rẹcẹuậra	6ab5496c0d7977bbad0e89ed.json	17	fb7a62ed-708f-4a5e-a796-2463b291865c	Ahé oiupɨri mɨrá rẹcệ, onhehẽ ximirẹcộ çupé: — Remuatɨri cahá ceiía; ceiía ramé ãna, remundɨca tatá i rẹcệ.	Ele subiu árvore sobre, disse sua mulher a: — Amontoe folha muita; muita quando tiver, acenda fogo ela sobre.			1784326540171	18	1	partial	0	1	IP-MAT	0	root_only	no	TreeConstructionError: invalid chunk: {'i': 1, 'f': 18, 't': 'IP-MAT'}	0	0	0	1	1	0	0	1
e3f48105-26ea-4fc2-97c3-ba3fdb6c0e65	tale_22.txt	Amu' momẹuçau mɨcura rẹcẹuậra	6ab5496c0d7977bbad0e89ed.json	18	b2686cd0-04c4-4dbd-90d8-1c1ef0907975	Cunhã mucú omunhã maí cinimú omundú ãna.	A moça fez como o sinimbú mandou.			1784326541087	7	0	none	0	1	IP-MAT	0	root_only	no	TreeConstructionError: invalid chunk: {'i': 1, 'f': 7, 't': 'IP-MAT'}	0	0	0	1	0	0	0	1
e3f48105-26ea-4fc2-97c3-ba3fdb6c0e65	tale_22.txt	Amu' momẹuçau mɨcura rẹcẹuậra	6ab5496c0d7977bbad0e89ed.json	19	e28762d4-ded6-443a-b072-8cc543c2f6ec	Tatá turuçú ãna ramé, cinimũ onhehẽ ɨuaté çuí: — Aiqué xa çộ!	O fogo grande já quando, o sinimbú disse de cima: — Lá me vou!			1784326541993	12	0	none	0	1	IP-MAT	0	root_only	no	TreeConstructionError: invalid chunk: {'i': 1, 'f': 12, 't': 'IP-MAT'}	0	0	0	1	0	0	0	1
e3f48105-26ea-4fc2-97c3-ba3fdb6c0e65	tale_22.txt	Amu' momẹuçau mɨcura rẹcẹuậra	6ab5496c0d7977bbad0e89ed.json	20	97239feb-547c-46e8-8ff0-91421f79be17	Opúri tatá pɨtệrape, oiapumĩ ɨ pupé, uíre çuáindápe, oçapucái ximirẹcộ rẹcệ: — Rẹrúri ɨgára, pucɨ rẹtệ quahá pirá!	Pulou do fogo meio em, mergulhou água na, baiou do outro lado, gritou sua mulher por: — Traga a canoa, pesado muito é este peixe!			1784326542920	18	0	none	0	1	IP-MAT	0	root_only	no	TreeConstructionError: invalid chunk: {'i': 1, 'f': 18, 't': 'IP-MAT'}	0	0	0	1	0	0	0	1
e3f48105-26ea-4fc2-97c3-ba3fdb6c0e65	tale_22.txt	Amu' momẹuçau mɨcura rẹcẹuậra	6ab5496c0d7977bbad0e89ed.json	21	bf6b4cd1-c396-4d71-9061-a9d55b9ac6ee	Aitá oiuruári ãna tucunaré uaçú irúmo, oçộ ãna çộka kẹtệ; aápe cunhã mucú omehẽ nhahã pirá mɨcúra çupé.	Eles embarcaram-se tucunaré grande com, foram-se sua casa para; lá a moça deu esse peixe raposa a.			1784326543854	18	0	none	0	1	IP-MAT	0	root_only	no	TreeConstructionError: invalid chunk: {'i': 1, 'f': 18, 't': 'IP-MAT'}	0	0	0	1	0	0	0	1
e3f48105-26ea-4fc2-97c3-ba3fdb6c0e65	tale_22.txt	Amu' momẹuçau mɨcura rẹcẹuậra	6ab5496c0d7977bbad0e89ed.json	22	f0513dc5-2211-4b07-912c-b01400448353	Mɨcúra opuranú maí i mệna opicɨka uãna pirá.	A raposa perguntou como seu marido pegara o peixe.			1784326544781	8	1	partial	0	1	IP-MAT	0	root_only	no	TreeConstructionError: invalid chunk: {'i': 1, 'f': 8, 't': 'IP-MAT'}	0	0	0	1	1	0	0	1
e3f48105-26ea-4fc2-97c3-ba3fdb6c0e65	tale_22.txt	Amu' momẹuçau mɨcura rẹcẹuậra	6ab5496c0d7977bbad0e89ed.json	23	570da251-c62f-4f74-bbc0-2520b3d1fb4e	Cunhã mucú ombeú ixupé maí cinímú omunhãna.	A moça narrou a ela como o sinimbú fez.			1784326545697	7	0	none	0	1	IP-MAT	0	root_only	no	TreeConstructionError: invalid chunk: {'i': 1, 'f': 7, 't': 'IP-MAT'}	0	0	0	1	0	0	0	1
e3f48105-26ea-4fc2-97c3-ba3fdb6c0e65	tale_22.txt	Amu' momẹuçau mɨcura rẹcẹuậra	6ab5496c0d7977bbad0e89ed.json	24	35bbbddb-b101-401b-a471-e08078db06b4	Amú ára opé, mɨcúra onhehẽ ximirẹcộ çupé: — Iaçộ iapɨcɨka pirá, maiaué cinimũ opicɨka uãna.	Outro dia em, a raposa disse sua mulher a: — Vamos apanhar peixe, como o sinimbú apanhou.			1784326546608	15	0	none	0	1	IP-MAT	0	root_only	no	TreeConstructionError: invalid chunk: {'i': 1, 'f': 15, 't': 'IP-MAT'}	0	0	0	1	0	0	0	1
e3f48105-26ea-4fc2-97c3-ba3fdb6c0e65	tale_22.txt	Amu' momẹuçau mɨcura rẹcẹuậra	6ab5496c0d7977bbad0e89ed.json	25	7dc0000a-e2b7-4109-9d1f-3d521862301b	Aitá oçộ ãna; uáimĩ omundɨca tatá, mɨcúra opúri pitệrape; intí oçaçáu quáu; tatá oçaberệca oikộ i pirệra; mɨcúra oçacệma: — Uáimĩ! rẹruri curutẽ ɨ!	Eles foram; a velha acendeu fogo, a raposa saltou meio em; não passar pôde; o fogo sapecando estava sua pele; a raposa gritou: — Velha! trazes depressa água!			1784326547540	24	1	partial	0	1	IP-MAT	0	root_only	no	TreeConstructionError: invalid chunk: {'i': 1, 'f': 24, 't': 'IP-MAT'}	0	0	0	1	1	0	0	1
e3f48105-26ea-4fc2-97c3-ba3fdb6c0e65	tale_22.txt	Amu' momẹuçau mɨcura rẹcẹuậra	6ab5496c0d7977bbad0e89ed.json	26	50beeab2-eb36-4aaa-843b-7b2e21fb1315	Curumú xa manõ!	Senão eu morro!			1784326548451	3	0	none	0	1	IP-MAT	0	root_only	no	TreeConstructionError: invalid chunk: {'i': 1, 'f': 3, 't': 'IP-MAT'}	0	0	0	1	0	0	0	1
e3f48105-26ea-4fc2-97c3-ba3fdb6c0e65	tale_22.txt	Amu' momẹuçau mɨcura rẹcẹuậra	6ab5496c0d7977bbad0e89ed.json	27	1b0910f5-6cb9-4e71-b2b2-b7d6c4ce7922	Iuaçúuára ahé ocệma quáu.	Dificilmente ela sair pôde.			1784326549370	4	0	none	0	1	IP-MAT	0	root_only	no	TreeConstructionError: invalid chunk: {'i': 1, 'f': 4, 't': 'IP-MAT'}	0	0	0	1	0	0	0	1
e3f48105-26ea-4fc2-97c3-ba3fdb6c0e65	tale_22.txt	Amu' momẹuçau mɨcura rẹcẹuậra	6ab5496c0d7977bbad0e89ed.json	28	5d9359dd-8993-460e-acad-16d9b8a68696	Ahé ocɨka ramé cộca opé, ocenoĩ i raɨíra, onhehẽ ixupé: — Reompú ki xií nẹ mệna; intí xa putári ahé ikệ; omunũ ãna xa kái!	Ela chegou quando sua casa em, chamou sua filha, e disse-lhe: — Toca daqui teu marido; não o quero aqui; fez com que  eu me queimasse!			1784326550594	25	1	partial	0	1	IP-MAT	0	root_only	no	TreeConstructionError: invalid chunk: {'i': 1, 'f': 25, 't': 'IP-MAT'}	0	0	0	1	1	0	0	1
